id,estrusdate,trueestrus,afithreshtime,afiduration,dt
1100.0,24-Feb-21,1.0,2021-02-24 6:00,1.0,2021-02-24 06:00:00
1100.0,04-Apr-21,1.0,2021-04-04 3:00,5.0,2021-04-04 03:00:00
1100.0,02-Apr-21,1.0,2021-04-07 17:00,3.0,2021-04-07 17:00:00
1100.0,26-Apr-21,1.0,2021-04-25 21:00,7.0,2021-04-25 21:00:00
1100.0,30-Apr-21,0.0,2021-04-30 4:00,4.0,2021-04-30 04:00:00
1100.0,08-May-21,0.0,2021-05-07 21:00,7.0,2021-05-07 21:00:00
2007.0,25-Jan-21,1.0,2021-01-25 10:00,1.0,2021-01-25 10:00:00
2007.0,18-Apr-21,1.0,2021-04-18 4:00,4.0,2021-04-18 04:00:00
2007.0,01-Jun-21,1.0,2021-06-01 0:00,4.0,2021-06-01 00:00:00
2007.0,18-Sept-21,1.0,2021-09-18 13:00,9.0,2021-09-18 13:00:00
2043.0,09-Sept-21,1.0,2021-09-09 3:00,1.0,2021-09-09 03:00:00
2043.0,07-Oct-21,1.0,2021-10-06 21:00,7.0,2021-10-06 21:00:00
2051.0,21-Sept-21,1.0,2021-09-21 6:00,2.0,2021-09-21 06:00:00
2051.0,10-Oct-21,1.0,2021-10-09 15:00,15.0,2021-10-09 15:00:00
2063.0,15-Jul-21,1.0,2021-07-15 7:00,10.0,2021-07-15 07:00:00
2063.0,30-Sept-21,1.0,2021-09-30 11:00,11.0,2021-09-30 11:00:00
2063.0,06-Oct-21,0.0,2021-10-05 23:00,,2021-10-05 23:00:00
2063.0,31-Oct-21,0.0,2021-10-31 2:00,3.0,2021-10-31 02:00:00
2092.0,05-May-21,1.0,2021-05-05 7:00,5.0,2021-05-05 07:00:00
2092.0,22-May-21,1.0,2021-05-22 7:00,6.0,2021-05-22 07:00:00
2092.0,15-Jun-21,1.0,2021-06-15 10:00,6.0,2021-06-15 10:00:00
2092.0,09-Jul-21,1.0,2021-07-09 11:00,10.0,2021-07-09 11:00:00
2092.0,01-Aug-21,1.0,2021-08-01 4:00,19.0,2021-08-01 04:00:00
2092.0,23-Aug-21,1.0,2021-08-23 6:00,16.0,2021-08-23 06:00:00
2092.0,16-Sept-21,1.0,2021-09-15 16:00,20.0,2021-09-15 16:00:00
2092.0,14-Oct-21,1.0,2021-10-14 1:00,23.0,2021-10-14 01:00:00
2105.0,03-Oct-21,1.0,2021-10-02 23:00,13.0,2021-10-02 23:00:00
2105.0,26-Oct-21,1.0,2021-10-25 21:00,14.0,2021-10-25 21:00:00
2131.0,23-Aug-21,1.0,2021-08-23 9:00,16.0,2021-08-23 09:00:00
2131.0,11-Oct-21,1.0,2021-10-10 13:00,6.0,2021-10-10 13:00:00
2131.0,15-Nov-21,1.0,2021-11-15 6:00,,2021-11-15 06:00:00
3020.0,05-Mar-21,1.0,2021-03-04 18:00,4.0,2021-03-04 18:00:00
3020.0,27-Mar-21,1.0,2021-03-27 1:00,22.0,2021-03-27 01:00:00
3020.0,09-Apr-21,0.0,2021-04-09 3:00,,2021-04-09 03:00:00
3020.0,11-Apr-21,0.0,2021-04-11 1:00,1.0,2021-04-11 01:00:00
3028.0,17-Feb-21,1.0,2021-02-16 11:00,3.0,2021-02-16 11:00:00
3028.0,11-Mar-21,1.0,2021-03-11 0:00,1.0,2021-03-11 00:00:00
3028.0,13-Mar-21,1.0,2021-03-13 7:00,2.0,2021-03-13 07:00:00
3028.0,09-May-21,1.0,2021-05-09 7:00,15.0,2021-05-09 07:00:00
3059.0,08-Jul-21,0.0,2021-07-07 17:00,21.0,2021-07-07 17:00:00
3059.0,10-Jul-21,0.0,2021-07-10 2:00,3.0,2021-07-10 02:00:00
3059.0,07-Sept-21,1.0,2021-09-07 2:00,19.0,2021-09-07 02:00:00
3059.0,03-Oct-21,1.0,2021-10-02 7:00,25.0,2021-10-02 07:00:00
3059.0,24-Oct-21,0.0,2021-10-24 7:00,1.0,2021-10-24 07:00:00
3067.0,19-Apr-21,1.0,2021-04-19 10:00,4.0,2021-04-19 10:00:00
3067.0,29-Apr-21,1.0,2021-04-29 11:00,,2021-04-29 11:00:00
3067.0,11-May-21,0.0,2021-05-10 14:00,2.0,2021-05-10 14:00:00
3067.0,19-May-21,1.0,2021-05-19 11:00,3.0,2021-05-19 11:00:00
3067.0,02-Jun-21,0.0,2021-06-02 0:00,,2021-06-02 00:00:00
3067.0,12-Jun-21,1.0,2021-06-12 4:00,15.0,2021-06-12 04:00:00
3067.0,28-Jul-21,1.0,2021-07-28 7:00,19.0,2021-07-28 07:00:00
3067.0,19-Aug-21,1.0,2021-08-19 0:00,15.0,2021-08-19 00:00:00
3067.0,02-Sept-21,0.0,2021-09-02 9:00,4.0,2021-09-02 09:00:00
3067.0,15-Sept-21,0.0,2021-09-15 6:00,2.0,2021-09-15 06:00:00
3078.0,10-Jun-21,1.0,2021-06-09 22:00,,2021-06-09 22:00:00
3078.0,28-Jun-21,1.0,2021-06-28 7:00,11.0,2021-06-28 07:00:00
3078.0,23-Jul-21,1.0,2021-07-22 15:00,34.0,2021-07-22 15:00:00
3078.0,12-Aug-21,1.0,2021-08-12 0:00,15.0,2021-08-12 00:00:00
3078.0,28-Aug-21,0.0,2021-08-28 0:00,1.0,2021-08-28 00:00:00
3078.0,06-Sept-21,1.0,2021-09-06 12:00,4.0,2021-09-06 12:00:00
3078.0,18-Sept-21,1.0,2021-09-18 13:00,10.0,2021-09-18 13:00:00
3078.0,15-Oct-21,1.0,2021-10-15 12:00,17.0,2021-10-15 12:00:00
3081.0,06-Jun-21,1.0,2021-06-06 23:00,2.0,2021-06-06 23:00:00
3081.0,19-Jun-21,1.0,2021-06-19 7:00,14.0,2021-06-19 07:00:00
3081.0,29-Jun-21,0.0,2021-06-29 11:00,6.0,2021-06-29 11:00:00
3081.0,20-Aug-21,0.0,2021-08-20 5:00,7.0,2021-08-20 05:00:00
3081.0,05-Sept-21,1.0,2021-09-05 0:00,13.0,2021-09-05 00:00:00
3081.0,16-Sept-21,0.0,2021-09-16 11:00,9.0,2021-09-16 11:00:00
3117.0,02-Jun-21,0.0,2021-06-02 9:00,3.0,2021-06-02 09:00:00
3119.0,20-Jan-21,1.0,2021-01-20 12:00,11.0,2021-01-20 12:00:00
3119.0,03-Feb-21,0.0,2021-02-03 3:00,11.0,2021-02-03 03:00:00
3119.0,27-Feb-21,1.0,2021-02-27 1:00,2.0,2021-02-27 01:00:00
3119.0,05-Mar-21,1.0,2021-03-04 20:00,10.0,2021-03-04 20:00:00
3119.0,01-Apr-21,1.0,2021-03-31 21:00,3.0,2021-03-31 21:00:00
3131.0,08-Oct-21,1.0,2021-10-08 7:00,6.0,2021-10-08 07:00:00
3131.0,30-Oct-21,1.0,2021-10-30 14:00,,2021-10-30 14:00:00
3135.0,21-May-21,1.0,2021-05-20 19:00,7.0,2021-05-20 19:00:00
3135.0,08-Jun-21,0.0,2021-06-08 7:00,5.0,2021-06-08 07:00:00
3139.0,18-Jan-21,1.0,2021-01-18 6:00,15.0,2021-01-18 06:00:00
3139.0,05-Feb-21,0.0,2021-02-04 17:00,,2021-02-04 17:00:00
3139.0,25-Feb-21,0.0,2021-02-25 16:00,7.0,2021-02-25 16:00:00
3139.0,16-Mar-21,1.0,2021-03-16 10:00,11.0,2021-03-16 10:00:00
3150.0,03-Oct-21,1.0,2021-10-03 3:00,15.0,2021-10-03 03:00:00
4001.0,04-Feb-21,1.0,2021-02-04 5:00,3.0,2021-02-04 05:00:00
4001.0,08-Mar-21,1.0,2021-03-08 9:00,13.0,2021-03-08 09:00:00
4001.0,31-Mar-21,1.0,2021-03-31 13:00,8.0,2021-03-31 13:00:00
4001.0,23-Apr-21,1.0,2021-04-22 17:00,16.0,2021-04-22 17:00:00
4008.0,26-Oct-21,1.0,2021-10-26 11:00,2.0,2021-10-26 11:00:00
4008.0,11-Nov-21,1.0,2021-11-11 11:00,,2021-11-11 11:00:00
4026.0,18-Jan-21,1.0,2021-01-17 15:00,23.0,2021-01-17 15:00:00
4026.0,22-Jan-21,0.0,2021-01-22 7:00,,2021-01-22 07:00:00
4026.0,03-Feb-21,0.0,2021-02-03 2:00,19.0,2021-02-03 02:00:00
4026.0,06-Feb-21,0.0,2021-02-05 11:00,,2021-02-05 11:00:00
4026.0,08-Oct-21,1.0,2021-10-08 0:00,1.0,2021-10-08 00:00:00
4026.0,13-Oct-21,1.0,2021-10-13 6:00,11.0,2021-10-13 06:00:00
4026.0,23-Oct-21,1.0,2021-10-23 11:00,20.0,2021-10-23 11:00:00
4026.0,08-Nov-21,0.0,2021-11-07 19:00,,2021-11-07 19:00:00
4029.0,17-Feb-21,1.0,2021-02-17 13:00,6.0,2021-02-17 13:00:00
4029.0,04-Mar-21,0.0,2021-03-04 0:00,,2021-03-04 00:00:00
4029.0,23-May-21,1.0,2021-05-22 22:00,,2021-05-22 22:00:00
4029.0,25-May-21,1.0,2021-05-25 7:00,,2021-05-25 07:00:00
4029.0,11-Jun-21,0.0,2021-06-11 9:00,,2021-06-11 09:00:00
4035.0,21-Oct-21,1.0,2021-10-21 1:00,10.0,2021-10-21 01:00:00
4035.0,25-Oct-21,1.0,2021-10-24 7:00,7.0,2021-10-24 07:00:00
4035.0,01-Nov-21,1.0,2021-11-01 5:00,,2021-11-01 05:00:00
4044.0,18-Oct-21,1.0,2021-10-18 10:00,6.0,2021-10-18 10:00:00
4046.0,19-Sept-21,1.0,2021-09-19 12:00,8.0,2021-09-19 12:00:00
4046.0,04-Nov-21,1.0,2021-11-04 6:00,,2021-11-04 06:00:00
4046.0,04-Nov-21,1.0,2021-11-04 6:00,,2021-11-04 06:00:00
4047.0,01-Apr-21,1.0,2021-03-31 18:00,14.0,2021-03-31 18:00:00
4050.0,27-Aug-21,0.0,2021-08-27 0:00,1.0,2021-08-27 00:00:00
4050.0,26-Oct-21,1.0,2021-10-26 3:00,14.0,2021-10-26 03:00:00
4050.0,06-Nov-21,1.0,2021-11-06 0:00,,2021-11-06 00:00:00
4057.0,18-Jan-21,1.0,2021-01-17 17:00,15.0,2021-01-17 17:00:00
4057.0,12-Feb-21,1.0,2021-02-11 19:00,17.0,2021-02-11 19:00:00
4057.0,18-Feb-21,0.0,2021-02-17 12:00,3.0,2021-02-17 12:00:00
4057.0,06-Mar-21,0.0,2021-03-05 18:00,2.0,2021-03-05 18:00:00
4070.0,06-Jan-21,1.0,2021-01-05 18:00,18.0,2021-01-05 18:00:00
4072.0,07-Jun-21,0.0,2021-06-06 18:00,12.0,2021-06-06 18:00:00
4072.0,15-Jun-21,1.0,2021-06-15 10:00,11.0,2021-06-15 10:00:00
4072.0,05-Jul-21,0.0,2021-07-04 20:00,7.0,2021-07-04 20:00:00
4072.0,09-Jul-21,1.0,2021-07-08 19:00,12.0,2021-07-08 19:00:00
4072.0,24-Jul-21,1.0,2021-07-24 0:00,7.0,2021-07-24 00:00:00
4072.0,29-Jul-21,0.0,2021-07-29 1:00,2.0,2021-07-29 01:00:00
4080.0,28-Jun-21,1.0,2021-06-28 9:00,5.0,2021-06-28 09:00:00
4080.0,19-Aug-21,0.0,2021-08-18 19:00,2.0,2021-08-18 19:00:00
4080.0,23-Aug-21,0.0,2021-08-23 3:00,27.0,2021-08-23 03:00:00
4080.0,04-Sept-21,1.0,2021-09-04 11:00,8.0,2021-09-04 11:00:00
4098.0,14-Jun-21,1.0,2021-06-14 6:00,14.0,2021-06-14 06:00:00
4098.0,25-Aug-21,1.0,2021-08-24 20:00,10.0,2021-08-24 20:00:00
4098.0,21-Sept-21,1.0,2021-09-21 2:00,12.0,2021-09-21 02:00:00
4105.0,09-Feb-21,1.0,2021-02-08 17:00,7.0,2021-02-08 17:00:00
4105.0,17-Mar-21,1.0,2021-03-17 0:00,2.0,2021-03-17 00:00:00
4105.0,11-Apr-21,1.0,2021-04-11 14:00,,2021-04-11 14:00:00
5005.0,21-Feb-21,1.0,2021-02-21 4:00,9.0,2021-02-21 04:00:00
5005.0,14-Mar-21,1.0,2021-03-14 7:00,14.0,2021-03-14 07:00:00
5005.0,22-Apr-21,1.0,2021-04-21 17:00,4.0,2021-04-21 17:00:00
5008.0,07-Aug-21,1.0,2021-08-07 6:00,7.0,2021-08-07 06:00:00
5015.0,11-Jan-21,1.0,2021-01-11 10:00,7.0,2021-01-11 10:00:00
5015.0,09-Feb-21,1.0,2021-02-09 13:00,,2021-02-09 13:00:00
5015.0,10-Mar-21,1.0,2021-03-09 19:00,14.0,2021-03-09 19:00:00
5018.0,29-Mar-21,1.0,2021-03-29 12:00,3.0,2021-03-29 12:00:00
5018.0,16-Apr-21,1.0,2021-04-15 11:00,15.0,2021-04-15 11:00:00
5018.0,16-Apr-21,1.0,2021-04-15 11:00,15.0,2021-04-15 11:00:00
5023.0,11-Mar-21,1.0,2021-03-11 9:00,6.0,2021-03-11 09:00:00
5023.0,25-May-21,1.0,2021-05-25 3:00,11.0,2021-05-25 03:00:00
5023.0,28-Jun-21,1.0,2021-06-27 9:00,7.0,2021-06-27 09:00:00
5023.0,05-Aug-21,1.0,2021-08-04 14:00,8.0,2021-08-04 14:00:00
5031.0,22-May-21,1.0,2021-05-22 8:00,7.0,2021-05-22 08:00:00
5031.0,08-Jun-21,0.0,2021-06-07 15:00,4.0,2021-06-07 15:00:00
5031.0,18-Jun-21,1.0,2021-06-17 6:00,,2021-06-17 06:00:00
5031.0,08-Jul-21,1.0,2021-07-08 0:00,9.0,2021-07-08 00:00:00
5031.0,20-Aug-21,0.0,2021-08-20 4:00,7.0,2021-08-20 04:00:00
5031.0,03-Sept-21,1.0,2021-09-02 17:00,7.0,2021-09-02 17:00:00
5031.0,14-Oct-21,1.0,2021-10-13 13:00,15.0,2021-10-13 13:00:00
5031.0,04-Nov-21,1.0,2021-11-04 7:00,,2021-11-04 07:00:00
5034.0,23-Jan-21,1.0,2021-01-22 18:00,9.0,2021-01-22 18:00:00
5034.0,12-Feb-21,1.0,2021-02-11 23:00,12.0,2021-02-11 23:00:00
5034.0,05-Mar-21,1.0,2021-03-05 13:00,15.0,2021-03-05 13:00:00
5034.0,14-Apr-21,1.0,2021-04-14 12:00,5.0,2021-04-14 12:00:00
5034.0,08-May-21,1.0,2021-05-07 18:00,11.0,2021-05-07 18:00:00
5035.0,06-Jan-21,1.0,2021-01-06 10:00,6.0,2021-01-06 10:00:00
5035.0,28-Jan-21,0.0,2021-01-27 18:00,3.0,2021-01-27 18:00:00
5035.0,29-Jan-21,0.0,2021-01-29 1:00,,2021-01-29 01:00:00
5035.0,13-Feb-21,1.0,2021-02-13 14:00,8.0,2021-02-13 14:00:00
5036.0,26-Sept-21,1.0,2021-09-26 6:00,10.0,2021-09-26 06:00:00
5036.0,03-Oct-21,0.0,2021-10-03 2:00,7.0,2021-10-03 02:00:00
5036.0,11-Oct-21,1.0,2021-10-11 4:00,10.0,2021-10-11 04:00:00
5036.0,28-Nov-20,0.0,2021-11-28 9:00,1.0,2021-11-28 09:00:00
5040.0,29-Jul-21,0.0,2021-07-28 18:00,,2021-07-28 18:00:00
5040.0,03-Aug-21,1.0,2021-08-03 1:00,14.0,2021-08-03 01:00:00
5041.0,13-May-21,1.0,2021-05-12 22:00,3.0,2021-05-12 22:00:00
5041.0,19-May-21,1.0,2021-05-19 14:00,8.0,2021-05-19 14:00:00
5041.0,11-Jul-21,1.0,2021-07-11 0:00,12.0,2021-07-11 00:00:00
5041.0,02-Aug-21,1.0,2021-08-02 4:00,14.0,2021-08-02 04:00:00
5041.0,24-Aug-21,1.0,2021-08-24 7:00,18.0,2021-08-24 07:00:00
5041.0,16-Sept-21,0.0,2021-09-15 17:00,15.0,2021-09-15 17:00:00
5041.0,12-Oct-21,1.0,2021-10-12 6:00,16.0,2021-10-12 06:00:00
5042.0,25-May-21,0.0,2021-05-25 8:00,8.0,2021-05-25 08:00:00
5042.0,09-Aug-21,1.0,2021-08-09 8:00,12.0,2021-08-09 08:00:00
5042.0,04-Sept-21,1.0,2021-09-04 10:00,10.0,2021-09-04 10:00:00
5042.0,13-Oct-21,1.0,2021-10-12 14:00,23.0,2021-10-12 14:00:00
5042.0,28-Oct-21,0.0,2021-10-28 0:00,5.0,2021-10-28 00:00:00
5042.0,08-Nov-21,0.0,2021-11-08 0:00,,2021-11-08 00:00:00
5043.0,19-Jan-21,0.0,2021-01-19 0:00,,2021-01-19 00:00:00
5045.0,28-Jun-21,1.0,2021-06-27 19:00,6.0,2021-06-27 19:00:00
5047.0,09-Jan-21,1.0,2021-01-09 13:00,13.0,2021-01-09 13:00:00
5047.0,04-Feb-21,1.0,2021-02-04 1:00,12.0,2021-02-04 01:00:00
5047.0,27-Feb-21,1.0,2021-02-27 7:00,9.0,2021-02-27 07:00:00
5047.0,15-Apr-21,1.0,2021-04-14 16:00,19.0,2021-04-14 16:00:00
5047.0,09-May-21,1.0,2021-05-09 12:00,12.0,2021-05-09 12:00:00
5047.0,19-May-21,0.0,2021-05-19 9:00,5.0,2021-05-19 09:00:00
5056.0,12-Oct-21,1.0,2021-10-12 6:00,11.0,2021-10-12 06:00:00
5056.0,25-Oct-21,0.0,2021-10-25 6:00,5.0,2021-10-25 06:00:00
5056.0,07-Nov-21,1.0,2021-11-06 10:00,,2021-11-06 10:00:00
5057.0,06-Jan-21,1.0,2021-01-06 9:00,8.0,2021-01-06 09:00:00
5058.0,10-Jul-21,1.0,2021-07-10 8:00,7.0,2021-07-10 08:00:00
5058.0,07-Oct-21,1.0,2021-10-06 15:00,11.0,2021-10-06 15:00:00
5059.0,14-Jan-21,1.0,2021-01-14 8:00,12.0,2021-01-14 08:00:00
5059.0,01-Feb-21,1.0,2021-02-01 9:00,,2021-02-01 09:00:00
5059.0,15-Nov-21,1.0,2021-11-14 17:00,,2021-11-14 17:00:00
5064.0,22-Feb-21,1.0,2021-02-22 0:00,11.0,2021-02-22 00:00:00
5067.0,07-Aug-21,1.0,2021-08-07 1:00,7.0,2021-08-07 01:00:00
5067.0,25-Aug-21,1.0,2021-08-25 11:00,17.0,2021-08-25 11:00:00
5067.0,30-Aug-21,1.0,2021-08-29 22:00,12.0,2021-08-29 22:00:00
5067.0,14-Sept-21,1.0,2021-09-14 1:00,13.0,2021-09-14 01:00:00
5067.0,03-Oct-21,0.0,2021-10-02 17:00,6.0,2021-10-02 17:00:00
5067.0,05-Oct-21,0.0,2021-10-04 11:00,3.0,2021-10-04 11:00:00
5067.0,11-Oct-21,0.0,2021-10-11 7:00,2.0,2021-10-11 07:00:00
5067.0,16-Oct-21,0.0,2021-10-16 3:00,,2021-10-16 03:00:00
5083.0,19-Sept-21,1.0,2021-09-18 15:00,7.0,2021-09-18 15:00:00
5083.0,07-Oct-21,1.0,2021-10-06 19:00,13.0,2021-10-06 19:00:00
5087.0,12-Feb-21,1.0,2021-02-11 19:00,10.0,2021-02-11 19:00:00
5087.0,06-Mar-21,1.0,2021-03-05 18:00,12.0,2021-03-05 18:00:00
5090.0,15-Feb-21,0.0,2021-02-15 14:00,,2021-02-15 14:00:00
5090.0,11-Mar-21,1.0,2021-03-10 22:00,14.0,2021-03-10 22:00:00
5090.0,17-Mar-21,0.0,2021-03-16 13:00,,2021-03-16 13:00:00
5090.0,02-Apr-21,1.0,2021-04-01 17:00,5.0,2021-04-01 17:00:00
5090.0,14-Apr-21,0.0,2021-04-14 11:00,6.0,2021-04-14 11:00:00
5090.0,17-Apr-21,0.0,2021-04-17 7:00,2.0,2021-04-17 07:00:00
5090.0,22-Apr-21,0.0,2021-04-21 20:00,6.0,2021-04-21 20:00:00
5090.0,02-Jun-21,0.0,2021-05-02 4:00,,2021-05-02 04:00:00
5090.0,06-May-21,1.0,2021-05-06 4:00,8.0,2021-05-06 04:00:00
5090.0,23-May-21,1.0,2021-05-22 22:00,18.0,2021-05-22 22:00:00
5090.0,12-Jun-21,1.0,2021-06-11 23:00,20.0,2021-06-11 23:00:00
5090.0,16-Jun-21,0.0,2021-06-15 22:00,5.0,2021-06-15 22:00:00
5095.0,23-Apr-21,1.0,2021-04-23 0:00,,2021-04-23 00:00:00
5095.0,16-May-21,1.0,2021-05-15 22:00,6.0,2021-05-15 22:00:00
5095.0,09-Oct-21,1.0,2021-10-09 1:00,3.0,2021-10-09 01:00:00
5095.0,31-Oct-21,1.0,2021-10-30 21:00,8.0,2021-10-30 21:00:00
5096.0,20-Jan-21,1.0,2021-01-20 10:00,11.0,2021-01-20 10:00:00
5096.0,15-Feb-21,1.0,2021-02-14 19:00,18.0,2021-02-14 19:00:00
5096.0,02-Mar-21,0.0,2021-03-02 10:00,6.0,2021-03-02 10:00:00
5100.0,05-Nov-21,1.0,2021-11-04 22:00,,2021-11-04 22:00:00
5102.0,22-Jul-21,1.0,2021-07-22 0:00,11.0,2021-07-22 00:00:00
5102.0,24-Jul-21,0.0,2021-07-24 11:00,,2021-07-24 11:00:00
5102.0,15-Aug-21,1.0,2021-08-15 13:00,7.0,2021-08-15 13:00:00
5102.0,20-Aug-21,1.0,2021-08-20 4:00,4.0,2021-08-20 04:00:00
5102.0,29-Aug-21,0.0,2021-08-29 14:00,7.0,2021-08-29 14:00:00
5102.0,05-Sept-21,1.0,2021-09-04 18:00,18.0,2021-09-04 18:00:00
5102.0,26-Sept-21,0.0,2021-09-25 21:00,10.0,2021-09-25 21:00:00
5104.0,31-May-21,1.0,2021-05-31 7:00,1.0,2021-05-31 07:00:00
5108.0,08-Apr-21,1.0,2021-04-08 5:00,5.0,2021-04-08 05:00:00
5108.0,21-Apr-21,1.0,2021-04-21 5:00,4.0,2021-04-21 05:00:00
5108.0,14-Jun-21,1.0,2021-06-14 3:00,13.0,2021-06-14 03:00:00
5108.0,09-Jul-21,1.0,2021-07-09 6:00,4.0,2021-07-09 06:00:00
5108.0,17-Aug-21,1.0,2021-08-17 10:00,9.0,2021-08-17 10:00:00
5108.0,09-Sept-21,1.0,2021-09-08 19:00,14.0,2021-09-08 19:00:00
5108.0,21-Oct-21,1.0,2021-10-21 0:00,12.0,2021-10-21 00:00:00
5112.0,30-Jan-21,0.0,2021-01-29 12:00,2.0,2021-01-29 12:00:00
5112.0,10-Feb-21,1.0,2021-02-10 0:00,15.0,2021-02-10 00:00:00
5112.0,09-Jun-21,0.0,2021-06-08 20:00,,2021-06-08 20:00:00
5112.0,15-Jul-21,1.0,2021-07-15 8:00,13.0,2021-07-15 08:00:00
5114.0,11-Sept-21,1.0,2021-09-10 15:00,17.0,2021-09-10 15:00:00
5116.0,15-Jan-21,1.0,2021-01-15 12:00,3.0,2021-01-15 12:00:00
5116.0,18-Feb-21,1.0,2021-02-17 19:00,20.0,2021-02-17 19:00:00
5116.0,02-Mar-21,0.0,2021-03-02 0:00,7.0,2021-03-02 00:00:00
5118.0,22-Jan-21,0.0,2021-01-22 4:00,9.0,2021-01-22 04:00:00
5120.0,10-Oct-21,1.0,2021-10-09 16:00,11.0,2021-10-09 16:00:00
5120.0,18-Oct-21,1.0,2021-10-18 7:00,10.0,2021-10-18 07:00:00
5120.0,30-Oct-21,1.0,2021-10-30 0:00,,2021-10-30 00:00:00
5123.0,03-Feb-21,1.0,2021-02-03 5:00,9.0,2021-02-03 05:00:00
5123.0,17-Feb-21,1.0,2021-02-16 15:00,15.0,2021-02-16 15:00:00
5123.0,11-Mar-21,0.0,2021-03-11 6:00,3.0,2021-03-11 06:00:00
5123.0,13-Mar-21,0.0,2021-03-13 7:00,2.0,2021-03-13 07:00:00
5124.0,08-May-21,0.0,2021-05-08 0:00,2.0,2021-05-08 00:00:00
5124.0,11-May-21,1.0,2021-05-11 9:00,,2021-05-11 09:00:00
5124.0,09-Jun-21,1.0,2021-06-08 15:00,13.0,2021-06-08 15:00:00
5124.0,21-Jun-21,0.0,2021-06-21 19:00,,2021-06-21 19:00:00
5124.0,07-Jul-21,0.0,2021-07-07 2:00,9.0,2021-07-07 02:00:00
5124.0,15-Aug-21,0.0,2021-08-15 13:00,,2021-08-15 13:00:00
5124.0,29-Aug-21,1.0,2021-08-29 11:00,20.0,2021-08-29 11:00:00
5124.0,26-Sept-21,1.0,2021-09-25 20:00,11.0,2021-09-25 20:00:00
5124.0,06-Oct-21,0.0,2021-10-06 0:00,,2021-10-06 00:00:00
5124.0,18-Oct-21,1.0,2021-10-17 18:00,20.0,2021-10-17 18:00:00
5128.0,11-Jan-21,1.0,2021-01-10 19:00,12.0,2021-01-10 19:00:00
5128.0,31-Jan-21,0.0,2021-01-31 4:00,9.0,2021-01-31 04:00:00
5132.0,07-Feb-21,1.0,2021-02-07 6:00,10.0,2021-02-07 06:00:00
5132.0,02-Mar-21,1.0,2021-03-01 17:00,4.0,2021-03-01 17:00:00
5132.0,21-Mar-21,0.0,2021-03-21 6:00,1.0,2021-03-21 06:00:00
5133.0,11-Jan-21,1.0,2021-01-11 1:00,6.0,2021-01-11 01:00:00
5133.0,14-Jan-21,1.0,2021-01-13 18:00,7.0,2021-01-13 18:00:00
5133.0,25-Jan-21,0.0,2021-01-25 11:00,3.0,2021-01-25 11:00:00
5133.0,28-Mar-21,1.0,2021-03-28 10:00,13.0,2021-03-28 10:00:00
5133.0,19-Apr-21,0.0,2021-04-19 10:00,2.0,2021-04-19 10:00:00
5133.0,21-Apr-21,0.0,2021-04-21 0:00,14.0,2021-04-21 00:00:00
5133.0,15-May-21,0.0,2021-05-14 19:00,10.0,2021-05-14 19:00:00
5133.0,01-Jun-21,1.0,2021-06-01 0:00,7.0,2021-06-01 00:00:00
5133.0,04-Jun-21,1.0,2021-06-04 9:00,10.0,2021-06-04 09:00:00
5133.0,14-Jun-21,1.0,2021-06-14 3:00,11.0,2021-06-14 03:00:00
5139.0,12-Jun-21,1.0,2021-06-11 16:00,15.0,2021-06-11 16:00:00
5139.0,15-Jul-21,1.0,2021-07-15 2:00,14.0,2021-07-15 02:00:00
5140.0,12-Jan-21,1.0,2021-01-11 19:00,6.0,2021-01-11 19:00:00
5140.0,15-Feb-21,1.0,2021-02-14 18:00,7.0,2021-02-14 18:00:00
5140.0,23-Feb-21,1.0,2021-02-22 14:00,11.0,2021-02-22 14:00:00
5140.0,15-Apr-21,0.0,2021-04-15 0:00,5.0,2021-04-15 00:00:00
5145.0,21-Feb-21,1.0,2021-02-20 22:00,9.0,2021-02-20 22:00:00
5145.0,03-Mar-21,1.0,2021-03-03 6:00,7.0,2021-03-03 06:00:00
5145.0,22-Apr-21,0.0,2021-04-22 12:00,,2021-04-22 12:00:00
5145.0,29-Apr-21,1.0,2021-04-29 0:00,,2021-04-29 00:00:00
5145.0,08-May-21,1.0,2021-05-07 22:00,10.0,2021-05-07 22:00:00
5145.0,11-May-21,1.0,2021-05-10 15:00,2.0,2021-05-10 15:00:00
5145.0,02-Jun-21,1.0,2021-06-02 2:00,13.0,2021-06-02 02:00:00
5145.0,04-Jun-21,1.0,2021-06-04 13:00,7.0,2021-06-04 13:00:00
5145.0,26-Jun-21,1.0,2021-06-25 20:00,9.0,2021-06-25 20:00:00
5145.0,04-Jul-21,1.0,2021-07-04 5:00,6.0,2021-07-04 05:00:00
5145.0,13-Jul-21,1.0,2021-07-13 14:00,18.0,2021-07-13 14:00:00
5145.0,22-Jul-21,1.0,2021-07-21 20:00,20.0,2021-07-21 20:00:00
5145.0,30-Jul-21,1.0,2021-07-30 7:00,11.0,2021-07-30 07:00:00
5145.0,19-Aug-21,1.0,2021-08-18 21:00,17.0,2021-08-18 21:00:00
6004.0,20-Feb-21,0.0,2021-02-20 18:00,5.0,2021-02-20 18:00:00
6004.0,25-Feb-21,1.0,2021-02-25 4:00,18.0,2021-02-25 04:00:00
6004.0,16-Mar-21,0.0,2021-03-16 7:00,1.0,2021-03-16 07:00:00
6004.0,25-Mar-21,0.0,2021-03-24 17:00,5.0,2021-03-24 17:00:00
6004.0,28-Mar-21,0.0,2021-03-27 20:00,,2021-03-27 20:00:00
6005.0,11-Jun-21,1.0,2021-06-11 12:00,6.0,2021-06-11 12:00:00
6005.0,02-Aug-21,1.0,2021-08-02 10:00,4.0,2021-08-02 10:00:00
6005.0,31-Aug-21,1.0,2021-08-31 0:00,2.0,2021-08-31 00:00:00
6005.0,10-Sept-21,1.0,2021-09-10 2:00,8.0,2021-09-10 02:00:00
6005.0,06-Oct-21,0.0,2021-10-05 20:00,,2021-10-05 20:00:00
6005.0,13-Oct-21,0.0,2021-10-13 6:00,2.0,2021-10-13 06:00:00
6005.0,24-Oct-21,1.0,2021-10-24 5:00,3.0,2021-10-24 05:00:00
6005.0,15-Nov-21,0.0,2021-11-15 2:00,,2021-11-15 02:00:00
6011.0,21-Mar-21,1.0,2021-03-21 11:00,17.0,2021-03-21 11:00:00
6011.0,30-May-21,0.0,2021-05-30 1:00,3.0,2021-05-30 01:00:00
6011.0,12-Jun-21,0.0,2021-06-12 1:00,2.0,2021-06-12 01:00:00
6011.0,22-Jun-21,1.0,2021-06-22 3:00,11.0,2021-06-22 03:00:00
6011.0,03-Aug-21,1.0,2021-08-02 20:00,16.0,2021-08-02 20:00:00
6011.0,27-Aug-21,1.0,2021-08-27 0:00,31.0,2021-08-27 00:00:00
6011.0,01-Oct-21,0.0,2021-10-01 6:00,,2021-10-01 06:00:00
6011.0,06-Oct-21,1.0,2021-10-05 23:00,3.0,2021-10-05 23:00:00
6017.0,09-Jan-21,1.0,2021-01-09 12:00,15.0,2021-01-09 12:00:00
6017.0,21-Feb-21,1.0,2021-02-20 17:00,12.0,2021-02-20 17:00:00
6017.0,16-Mar-21,1.0,2021-03-16 8:00,15.0,2021-03-16 08:00:00
6017.0,28-Mar-21,0.0,2021-03-28 0:00,,2021-03-28 00:00:00
6017.0,12-Apr-21,0.0,2021-04-12 6:00,3.0,2021-04-12 06:00:00
6017.0,09-May-21,1.0,2021-05-09 8:00,10.0,2021-05-09 08:00:00
6020.0,13-Jan-21,1.0,2021-01-13 7:00,14.0,2021-01-13 07:00:00
6021.0,03-Jul-21,0.0,2021-07-03 4:00,4.0,2021-07-03 04:00:00
6021.0,06-Jul-21,0.0,2021-07-06 7:00,1.0,2021-07-06 07:00:00
6021.0,07-Aug-21,1.0,2021-08-06 13:00,4.0,2021-08-06 13:00:00
6021.0,14-Sept-21,1.0,2021-09-14 7:00,6.0,2021-09-14 07:00:00
6021.0,05-Oct-21,1.0,2021-10-05 7:00,1.0,2021-10-05 07:00:00
6022.0,07-Aug-21,1.0,2021-08-07 1:00,7.0,2021-08-07 01:00:00
6022.0,19-Aug-21,1.0,2021-08-19 2:00,10.0,2021-08-19 02:00:00
6022.0,29-Aug-21,1.0,2021-08-29 13:00,19.0,2021-08-29 13:00:00
6022.0,14-Oct-21,1.0,2021-10-13 12:00,15.0,2021-10-13 12:00:00
6022.0,21-Oct-21,1.0,2021-10-21 2:00,10.0,2021-10-21 02:00:00
6022.0,23-Oct-21,1.0,2021-10-23 11:00,25.0,2021-10-23 11:00:00
6022.0,15-Nov-21,1.0,2021-11-15 6:00,,2021-11-15 06:00:00
6023.0,24-May-21,1.0,2021-05-24 10:00,,2021-05-24 10:00:00
6025.0,11-Jan-21,1.0,2021-01-10 22:00,14.0,2021-01-10 22:00:00
6025.0,15-Jan-21,1.0,2021-01-15 12:00,,2021-01-15 12:00:00
6025.0,04-Feb-21,1.0,2021-02-03 23:00,15.0,2021-02-03 23:00:00
6025.0,27-Feb-21,1.0,2021-02-27 0:00,22.0,2021-02-27 00:00:00
6025.0,18-Mar-21,0.0,2021-03-17 12:00,,2021-03-17 12:00:00
6025.0,24-Mar-21,1.0,2021-03-24 2:00,14.0,2021-03-24 02:00:00
6027.0,04-Apr-21,1.0,2021-04-04 11:00,18.0,2021-04-04 11:00:00
6027.0,11-May-21,1.0,2021-05-10 22:00,5.0,2021-05-10 22:00:00
6029.0,29-Jul-21,1.0,2021-07-29 1:00,5.0,2021-07-29 01:00:00
6029.0,10-Aug-21,1.0,2021-08-09 16:00,11.0,2021-08-09 16:00:00
6029.0,15-Aug-21,1.0,2021-08-15 3:00,14.0,2021-08-15 03:00:00
6029.0,30-Aug-21,0.0,2021-08-30 3:00,6.0,2021-08-30 03:00:00
6029.0,31-Oct-21,0.0,2021-10-30 16:00,3.0,2021-10-30 16:00:00
6029.0,01-Nov-21,1.0,2021-11-01 3:00,,2021-11-01 03:00:00
6033.0,31-Mar-21,1.0,2021-03-31 8:00,19.0,2021-03-31 08:00:00
6033.0,05-May-21,1.0,2021-05-05 4:00,15.0,2021-05-05 04:00:00
6033.0,10-May-21,1.0,2021-05-09 21:00,14.0,2021-05-09 21:00:00
6033.0,27-May-21,1.0,2021-05-26 19:00,17.0,2021-05-26 19:00:00
6039.0,12-Mar-21,1.0,2021-03-11 19:00,11.0,2021-03-11 19:00:00
6039.0,05-May-21,1.0,2021-05-05 2:00,,2021-05-05 02:00:00
6039.0,27-May-21,1.0,2021-05-27 10:00,22.0,2021-05-27 10:00:00
6039.0,26-Jun-21,0.0,2021-06-26 5:00,,2021-06-26 05:00:00
6041.0,06-Aug-21,1.0,2021-08-05 20:00,8.0,2021-08-05 20:00:00
6041.0,30-Oct-21,1.0,2021-10-30 0:00,,2021-10-30 00:00:00
6042.0,20-Aug-21,1.0,2021-08-20 4:00,10.0,2021-08-20 04:00:00
6045.0,24-Jan-21,1.0,2021-01-23 18:00,9.0,2021-01-23 18:00:00
6045.0,17-Feb-21,1.0,2021-02-17 3:00,12.0,2021-02-17 03:00:00
6045.0,29-Mar-21,1.0,2021-03-28 15:00,15.0,2021-03-28 15:00:00
6045.0,09-Apr-21,0.0,2021-04-08 19:00,,2021-04-08 19:00:00
6045.0,21-Apr-21,1.0,2021-04-21 8:00,12.0,2021-04-21 08:00:00
6046.0,13-Mar-21,0.0,2021-03-13 4:00,3.0,2021-03-13 04:00:00
6046.0,22-Mar-21,1.0,2021-03-22 3:00,12.0,2021-03-22 03:00:00
6046.0,09-Apr-21,1.0,2021-04-08 15:00,,2021-04-08 15:00:00
6047.0,09-Aug-21,1.0,2021-08-09 10:00,8.0,2021-08-09 10:00:00
6047.0,21-Sept-21,1.0,2021-09-20 17:00,10.0,2021-09-20 17:00:00
6050.0,07-Apr-21,1.0,2021-04-07 4:00,4.0,2021-04-07 04:00:00
6050.0,24-Apr-21,1.0,2021-04-24 4:00,4.0,2021-04-24 04:00:00
6050.0,16-May-21,0.0,2021-05-15 22:00,15.0,2021-05-15 22:00:00
6050.0,12-Jun-21,0.0,2021-06-12 3:00,7.0,2021-06-12 03:00:00
6050.0,15-Jun-21,0.0,2021-06-15 1:00,,2021-06-15 01:00:00
6050.0,23-Jun-21,0.0,2021-06-23 5:00,7.0,2021-06-23 05:00:00
6050.0,09-Jul-21,1.0,2021-07-09 10:00,21.0,2021-07-09 10:00:00
6050.0,27-Jul-21,0.0,2021-07-27 4:00,12.0,2021-07-27 04:00:00
6050.0,01-Aug-21,1.0,2021-07-31 16:00,29.0,2021-07-31 16:00:00
6050.0,22-Aug-21,0.0,2021-08-22 3:00,6.0,2021-08-22 03:00:00
6050.0,29-Aug-21,0.0,2021-08-29 4:00,,2021-08-29 04:00:00
6050.0,03-Sept-21,0.0,2021-09-03 12:00,,2021-09-03 12:00:00
6053.0,01-Oct-21,1.0,2021-10-01 7:00,1.0,2021-10-01 07:00:00
6054.0,08-Jul-21,1.0,2021-07-08 1:00,8.0,2021-07-08 01:00:00
6054.0,22-Sept-21,1.0,2021-09-22 6:00,10.0,2021-09-22 06:00:00
6055.0,10-Jun-21,1.0,2021-06-10 0:00,21.0,2021-06-10 00:00:00
6055.0,10-Jul-21,1.0,2021-07-10 11:00,8.0,2021-07-10 11:00:00
6055.0,14-Aug-21,1.0,2021-08-14 6:00,15.0,2021-08-14 06:00:00
6060.0,06-Jan-21,1.0,2021-01-06 7:00,15.0,2021-01-06 07:00:00
6060.0,18-Oct-21,0.0,2021-10-17 15:00,,2021-10-17 15:00:00
6060.0,12-Nov-21,1.0,2021-11-12 0:00,,2021-11-12 00:00:00
6061.0,20-Jan-21,1.0,2021-01-20 14:00,6.0,2021-01-20 14:00:00
6061.0,31-Jan-21,1.0,2021-01-30 19:00,18.0,2021-01-30 19:00:00
6061.0,10-Feb-21,1.0,2021-02-10 0:00,5.0,2021-02-10 00:00:00
6061.0,20-Feb-21,1.0,2021-02-20 7:00,1.0,2021-02-20 07:00:00
6061.0,03-Mar-21,1.0,2021-03-02 14:00,16.0,2021-03-02 14:00:00
6061.0,17-Mar-21,0.0,2021-03-16 19:00,,2021-03-16 19:00:00
6061.0,20-Mar-21,1.0,2021-03-20 0:00,8.0,2021-03-20 00:00:00
6061.0,20-May-21,1.0,2021-05-19 12:00,,2021-05-19 12:00:00
6061.0,20-Jul-21,1.0,2021-07-20 0:00,15.0,2021-07-20 00:00:00
6062.0,25-Jan-21,1.0,2021-01-25 2:00,,2021-01-25 02:00:00
6062.0,29-Jan-21,1.0,2021-01-29 6:00,7.0,2021-01-29 06:00:00
6062.0,06-Mar-21,0.0,2021-03-06 20:00,7.0,2021-03-06 20:00:00
6062.0,10-Mar-21,1.0,2021-03-10 1:00,14.0,2021-03-10 01:00:00
6062.0,22-Mar-21,0.0,2021-03-22 1:00,6.0,2021-03-22 01:00:00
6062.0,29-Mar-21,0.0,2021-03-28 15:00,1.0,2021-03-28 15:00:00
6064.0,18-Jan-21,1.0,2021-01-18 9:00,4.0,2021-01-18 09:00:00
6064.0,09-Feb-21,1.0,2021-02-09 6:00,,2021-02-09 06:00:00
6067.0,13-Jan-21,1.0,2021-01-13 6:00,15.0,2021-01-13 06:00:00
6067.0,15-Feb-21,0.0,2021-02-15 0:00,2.0,2021-02-15 00:00:00
6067.0,24-Oct-21,0.0,2021-10-23 21:00,4.0,2021-10-23 21:00:00
6067.0,25-Oct-21,0.0,2021-10-24 20:00,,2021-10-24 20:00:00
6067.0,07-Nov-21,1.0,2021-11-07 10:00,,2021-11-07 10:00:00
6068.0,08-Jan-21,1.0,2021-01-07 11:00,12.0,2021-01-07 11:00:00
6068.0,18-Jan-21,0.0,2021-01-17 20:00,3.0,2021-01-17 20:00:00
6068.0,03-Feb-21,0.0,2021-02-03 5:00,4.0,2021-02-03 05:00:00
6068.0,13-Nov-21,1.0,2021-11-13 13:00,,2021-11-13 13:00:00
6069.0,22-Jun-21,1.0,2021-06-21 19:00,17.0,2021-06-21 19:00:00
6069.0,11-Aug-21,1.0,2021-08-11 0:06,6.0,2021-08-11 00:00:00
6069.0,22-Sept-21,1.0,2021-09-21 16:00,19.0,2021-09-21 16:00:00
6075.0,22-May-21,1.0,2021-05-22 19:00,13.0,2021-05-22 19:00:00
6075.0,15-Jun-21,0.0,2021-06-15 11:00,5.0,2021-06-15 11:00:00
6076.0,17-Jan-21,0.0,2021-01-17 8:00,,2021-01-17 08:00:00
6076.0,17-Feb-21,0.0,2021-02-17 1:00,3.0,2021-02-17 01:00:00
6076.0,14-Apr-21,0.0,2021-04-14 3:00,5.0,2021-04-14 03:00:00
6076.0,18-Apr-21,1.0,2021-04-17 22:00,13.0,2021-04-17 22:00:00
6076.0,28-Apr-21,0.0,2021-04-28 5:00,3.0,2021-04-28 05:00:00
6076.0,11-May-21,0.0,2021-05-10 19:00,13.0,2021-05-10 19:00:00
6076.0,03-Jun-21,1.0,2021-06-03 2:00,20.0,2021-06-03 02:00:00
6076.0,18-Jun-21,0.0,2021-06-18 3:00,,2021-06-18 03:00:00
6076.0,22-Jun-21,1.0,2021-06-21 20:00,,2021-06-21 20:00:00
6076.0,09-Jul-21,1.0,2021-07-09 10:00,,2021-07-09 10:00:00
6079.0,09-Sept-21,1.0,2021-09-09 7:00,10.0,2021-09-09 07:00:00
6079.0,25-Oct-21,1.0,2021-10-25 4:00,16.0,2021-10-25 04:00:00
6082.0,10-Jul-21,,2021-07-10 7:00,11.0,2021-07-10 07:00:00
6082.0,01-Oct-21,1.0,2021-10-01 2:00,20.0,2021-10-01 02:00:00
6082.0,29-Oct-21,0.0,2021-10-29 0:00,1.0,2021-10-29 00:00:00
6084.0,30-Jul-21,1.0,2021-07-30 8:00,,2021-07-30 08:00:00
6084.0,09-Aug-21,1.0,2021-08-08 19:00,15.0,2021-08-08 19:00:00
6084.0,03-Sept-21,1.0,2021-09-03 9:00,12.0,2021-09-03 09:00:00
6085.0,06-Jan-21,1.0,2021-01-05 18:00,19.0,2021-01-05 18:00:00
6085.0,07-Jan-21,0.0,2021-01-08 13:00,,2021-01-08 13:00:00
6085.0,18-Jan-21,0.0,2021-01-17 19:00,6.0,2021-01-17 19:00:00
6086.0,24-Oct-21,1.0,2021-10-24 0:00,13.0,2021-10-24 00:00:00
6086.0,28-Oct-21,1.0,2021-10-28 10:00,11.0,2021-10-28 10:00:00
6086.0,07-Nov-21,1.0,2021-11-06 18:00,,2021-11-06 18:00:00
6087.0,14-Jul-21,1.0,2021-07-14 3:00,4.0,2021-07-14 03:00:00
6087.0,19-Jul-21,1.0,2021-07-19 7:00,9.0,2021-07-19 07:00:00
6087.0,30-Jul-21,1.0,2021-07-30 5:00,13.0,2021-07-30 05:00:00
6087.0,09-Sept-21,1.0,2021-09-09 0:00,7.0,2021-09-09 00:00:00
6088.0,03-Feb-21,1.0,2021-02-03 1:00,13.0,2021-02-03 01:00:00
6088.0,01-Mar-21,1.0,2021-03-01 4:00,12.0,2021-03-01 04:00:00
6090.0,30-Aug-21,1.0,2021-08-30 0:00,8.0,2021-08-30 00:00:00
6092.0,08-Jan-21,0.0,2021-01-07 14:00,5.0,2021-01-07 14:00:00
6092.0,09-Feb-21,1.0,2021-02-08 16:00,22.0,2021-02-08 16:00:00
6093.0,06-Jan-21,1.0,2021-01-06 1:00,19.0,2021-01-06 01:00:00
6093.0,27-Jan-21,0.0,2021-01-27 6:00,1.0,2021-01-27 06:00:00
6093.0,23-Oct-21,1.0,2021-10-23 2:00,3.0,2021-10-23 02:00:00
6093.0,25-Oct-21,1.0,2021-10-25 0:00,13.0,2021-10-25 00:00:00
6093.0,10-Nov-21,1.0,2021-11-09 16:00,,2021-11-09 16:00:00
6094.0,22-Mar-21,0.0,2021-03-22 9:00,10.0,2021-03-22 09:00:00
6095.0,06-Jan-21,1.0,2021-01-06 11:00,24.0,2021-01-06 11:00:00
6096.0,23-Jan-21,1.0,2021-01-22 17:00,12.0,2021-01-22 17:00:00
6096.0,08-Feb-21,0.0,2021-02-07 19:00,7.0,2021-02-07 19:00:00
6096.0,15-Feb-21,1.0,2021-02-14 23:00,15.0,2021-02-14 23:00:00
6100.0,30-Jan-21,1.0,2021-01-30 1:00,1.0,2021-01-30 01:00:00
6101.0,20-Jan-21,1.0,2021-01-19 20:00,6.0,2021-01-19 20:00:00
6101.0,02-Feb-21,1.0,2021-02-02 6:00,8.0,2021-02-02 06:00:00
6101.0,27-Feb-21,1.0,2021-02-27 6:00,8.0,2021-02-27 06:00:00
6109.0,16-Oct-21,1.0,2021-10-15 13:00,8.0,2021-10-15 13:00:00
6112.0,19-Jan-21,1.0,2021-01-18 17:00,11.0,2021-01-18 17:00:00
6112.0,11-Feb-21,1.0,2021-02-10 21:00,13.0,2021-02-10 21:00:00
6112.0,28-Feb-21,1.0,2021-02-28 2:00,10.0,2021-02-28 02:00:00
6112.0,20-Mar-21,1.0,2021-03-19 18:00,10.0,2021-03-19 18:00:00
6112.0,11-Apr-21,1.0,2021-04-11 0:00,8.0,2021-04-11 00:00:00
6112.0,25-Apr-21,0.0,2021-04-24 18:00,1.0,2021-04-24 18:00:00
6112.0,02-May-21,1.0,2021-05-02 0:00,4.0,2021-05-02 00:00:00
6112.0,25-May-21,1.0,2021-05-24 22:00,15.0,2021-05-24 22:00:00
6112.0,22-Jun-21,0.0,2021-06-22 16:00,3.0,2021-06-22 16:00:00
6112.0,16-Jul-21,0.0,2021-07-16 0:00,20.0,2021-07-16 00:00:00
6125.0,08-Mar-21,1.0,2021-03-07 16:00,16.0,2021-03-07 16:00:00
6125.0,09-Apr-21,0.0,2021-04-08 17:00,,2021-04-08 17:00:00
6126.0,26-Apr-21,1.0,2021-04-26 12:00,9.0,2021-04-26 12:00:00
6126.0,16-May-21,1.0,2021-05-16 3:00,11.0,2021-05-16 03:00:00
6126.0,07-Jun-21,1.0,2021-06-06 23:00,20.0,2021-06-06 23:00:00
6126.0,05-Jul-21,1.0,2021-07-04 18:00,4.0,2021-07-04 18:00:00
6126.0,09-Jul-21,1.0,2021-07-09 1:00,12.0,2021-07-09 01:00:00
6126.0,29-Jul-21,1.0,2021-07-28 23:00,13.0,2021-07-28 23:00:00
6126.0,10-Aug-21,0.0,2021-08-10 7:00,1.0,2021-08-10 07:00:00
6126.0,12-Aug-21,0.0,2021-08-12 10:00,1.0,2021-08-12 10:00:00
6126.0,07-Sept-21,1.0,2021-09-07 0:00,17.0,2021-09-07 00:00:00
6129.0,18-Feb-21,1.0,2021-02-18 1:00,9.0,2021-02-18 01:00:00
6129.0,04-Mar-21,0.0,2021-03-04 7:00,1.0,2021-03-04 07:00:00
6129.0,04-May-21,1.0,2021-05-03 19:00,,2021-05-03 19:00:00
6129.0,19-May-21,0.0,2021-05-19 7:00,4.0,2021-05-19 07:00:00
6129.0,26-May-21,1.0,2021-05-26 7:00,14.0,2021-05-26 07:00:00
6130.0,05-Feb-21,1.0,2021-02-04 18:00,12.0,2021-02-04 18:00:00
6130.0,06-Mar-21,1.0,2021-03-06 1:00,16.0,2021-03-06 01:00:00
6130.0,31-Mar-21,1.0,2021-03-31 13:00,13.0,2021-03-31 13:00:00
6130.0,25-Apr-21,0.0,2021-04-25 12:00,5.0,2021-04-25 12:00:00
6131.0,07-Jan-21,1.0,2021-01-07 4:00,16.0,2021-01-07 04:00:00
6131.0,09-Feb-21,0.0,2021-02-09 20:00,6.0,2021-02-09 20:00:00
6131.0,25-Oct-21,1.0,2021-10-25 3:00,9.0,2021-10-25 03:00:00
6132.0,12-Jan-21,1.0,2021-01-11 22:00,7.0,2021-01-11 22:00:00
6132.0,30-Oct-21,1.0,2021-10-30 0:00,,2021-10-30 00:00:00
6133.0,15-Mar-21,1.0,2021-03-15 4:00,8.0,2021-03-15 04:00:00
6134.0,16-Jul-21,1.0,2021-07-16 1:00,4.0,2021-07-16 01:00:00
7001.0,22-Feb-21,1.0,2021-02-21 12:00,9.0,2021-02-21 12:00:00
7001.0,10-Mar-21,0.0,2021-03-10 0:00,1.0,2021-03-10 00:00:00
7001.0,08-May-21,1.0,2021-05-07 21:00,12.0,2021-05-07 21:00:00
7007.0,06-Jan-21,1.0,2021-01-06 10:00,,2021-01-06 10:00:00
7007.0,10-Jan-21,1.0,2021-01-09 21:00,6.0,2021-01-09 21:00:00
7007.0,12-Jan-21,1.0,2021-01-11 10:00,8.0,2021-01-11 10:00:00
7007.0,30-Jan-21,1.0,2021-01-30 5:00,3.0,2021-01-30 05:00:00
7007.0,29-Mar-21,1.0,2021-03-29 2:00,11.0,2021-03-29 02:00:00
7007.0,18-Apr-21,0.0,2021-04-18 4:00,6.0,2021-04-18 04:00:00
7008.0,22-Jan-21,1.0,2021-01-22 3:00,10.0,2021-01-22 03:00:00
7008.0,03-Feb-21,0.0,2021-02-03 12:00,,2021-02-03 12:00:00
7008.0,08-Mar-21,1.0,2021-03-07 18:00,14.0,2021-03-07 18:00:00
7009.0,17-Nov-21,1.0,2021-11-16 23:00,,2021-11-16 23:00:00
7013.0,27-Jun-21,1.0,2021-06-27 3:00,9.0,2021-06-27 03:00:00
7013.0,18-Jul-21,0.0,2021-07-18 0:00,,2021-07-18 00:00:00
7013.0,04-Aug-21,1.0,2021-08-04 4:00,16.0,2021-08-04 04:00:00
7013.0,07-Oct-21,0.0,2021-10-07 7:00,2.0,2021-10-07 07:00:00
7018.0,23-Jul-21,1.0,2021-07-23 1:00,33.0,2021-07-23 01:00:00
7018.0,25-Sept-21,1.0,2021-09-25 0:00,17.0,2021-09-25 00:00:00
7018.0,28-Sept-21,1.0,2021-09-28 1:00,12.0,2021-09-28 01:00:00
7018.0,19-Oct-21,0.0,2021-10-19 0:00,,2021-10-19 00:00:00
7018.0,13-Nov-21,0.0,2021-11-12 20:00,,2021-11-12 20:00:00
7022.0,10-Jan-21,1.0,2021-01-09 18:00,19.0,2021-01-09 18:00:00
7022.0,06-Feb-21,0.0,2021-02-04 14:00,,2021-02-04 14:00:00
7023.0,10-May-21,1.0,2021-05-10 6:00,,2021-05-10 06:00:00
7024.0,17-Apr-21,1.0,2021-04-17 10:00,6.0,2021-04-17 10:00:00
7024.0,20-May-21,1.0,2021-05-19 14:00,11.0,2021-05-19 14:00:00
7027.0,20-Mar-21,1.0,2021-03-19 18:00,1.0,2021-03-19 18:00:00
7027.0,10-Apr-21,1.0,2021-04-10 1:00,10.0,2021-04-10 01:00:00
7027.0,03-Jun-21,1.0,2021-06-03 2:00,20.0,2021-06-03 02:00:00
7027.0,27-Jun-21,1.0,2021-06-26 14:00,16.0,2021-06-26 14:00:00
7027.0,14-Aug-21,1.0,2021-08-14 8:00,15.0,2021-08-14 08:00:00
7028.0,15-Apr-21,1.0,2021-04-15 10:00,13.0,2021-04-15 10:00:00
7028.0,08-May-21,1.0,2021-05-08 10:00,35.0,2021-05-08 10:00:00
7029.0,29-Mar-21,1.0,2021-03-28 21:00,15.0,2021-03-28 21:00:00
7029.0,21-Apr-21,1.0,2021-04-21 13:00,4.0,2021-04-21 13:00:00
7029.0,14-May-21,0.0,2021-05-13 10:00,,2021-05-13 10:00:00
7031.0,06-Jun-21,1.0,2021-06-05 9:00,14.0,2021-06-05 09:00:00
7031.0,07-Jul-21,1.0,2021-07-06 19:00,13.0,2021-07-06 19:00:00
7032.0,08-Jan-21,0.0,2021-01-07 16:00,,2021-01-07 16:00:00
7032.0,11-Jan-21,0.0,2021-01-11 0:00,1.0,2021-01-11 00:00:00
7033.0,25-Apr-21,1.0,2021-04-25 10:00,18.0,2021-04-25 10:00:00
7033.0,07-Jun-21,1.0,2021-06-06 20:00,15.0,2021-06-06 20:00:00
7033.0,29-Jun-21,1.0,2021-06-29 9:00,17.0,2021-06-29 09:00:00
7033.0,09-Aug-21,1.0,2021-08-08 14:00,15.0,2021-08-08 14:00:00
7034.0,20-Jan-21,1.0,2021-01-20 11:00,6.0,2021-01-20 11:00:00
7034.0,22-Feb-21,1.0,2021-02-22 13:00,14.0,2021-02-22 13:00:00
7034.0,22-Mar-21,1.0,2021-03-22 3:00,18.0,2021-03-22 03:00:00
7034.0,09-Apr-21,1.0,2021-04-08 19:00,,2021-04-08 19:00:00
7034.0,29-Apr-21,1.0,2021-04-29 16:00,10.0,2021-04-29 16:00:00
7034.0,04-Jun-21,0.0,2021-06-04 1:00,1.0,2021-06-04 01:00:00
7034.0,14-Jun-21,1.0,2021-06-14 11:00,3.0,2021-06-14 11:00:00
7034.0,15-Jun-21,1.0,2021-06-15 10:00,3.0,2021-06-15 10:00:00
7034.0,10-Jul-21,1.0,2021-07-10 8:00,13.0,2021-07-10 08:00:00
7037.0,11-Jul-21,1.0,2021-07-11 11:00,10.0,2021-07-11 11:00:00
7037.0,08-Aug-21,1.0,2021-08-08 0:00,2.0,2021-08-08 00:00:00
7043.0,14-Apr-21,1.0,2021-04-14 0:00,8.0,2021-04-14 00:00:00
7045.0,08-Jan-21,1.0,2021-01-07 20:00,16.0,2021-01-07 20:00:00
7046.0,25-Feb-21,1.0,2021-02-25 15:00,16.0,2021-02-25 15:00:00
7046.0,18-Apr-21,1.0,2021-04-18 5:00,17.0,2021-04-18 05:00:00
7047.0,05-Aug-21,1.0,2021-08-04 21:00,10.0,2021-08-04 21:00:00
7047.0,20-Sept-21,1.0,2021-09-19 19:00,19.0,2021-09-19 19:00:00
7047.0,12-Oct-21,1.0,2021-10-12 17:00,19.0,2021-10-12 17:00:00
7047.0,06-Nov-21,0.0,2021-11-06 0:00,,2021-11-06 00:00:00
7048.0,29-Sept-21,1.0,2021-09-28 15:00,23.0,2021-09-28 15:00:00
7048.0,14-Oct-21,0.0,2021-10-13 14:00,34.0,2021-10-13 14:00:00
7048.0,04-Nov-21,1.0,2021-11-03 20:00,,2021-11-03 20:00:00
7051.0,20-May-21,1.0,2021-05-19 15:00,11.0,2021-05-19 15:00:00
7051.0,01-Jun-21,1.0,2021-06-01 11:00,8.0,2021-06-01 11:00:00
7051.0,27-Jun-21,1.0,2021-06-26 20:00,16.0,2021-06-26 20:00:00
7051.0,16-Jul-21,1.0,2021-07-16 3:00,5.0,2021-07-16 03:00:00
7054.0,03-Jun-21,1.0,2021-06-03 7:00,1.0,2021-06-03 07:00:00
7054.0,08-Jun-21,1.0,2021-06-07 15:00,6.0,2021-06-07 15:00:00
7054.0,04-Jul-21,1.0,2021-07-04 0:00,14.0,2021-07-04 00:00:00
7054.0,18-Jul-21,0.0,2021-07-18 7:00,1.0,2021-07-18 07:00:00
7054.0,01-Aug-21,1.0,2021-07-31 17:00,11.0,2021-07-31 17:00:00
7055.0,06-Jun-21,1.0,2021-06-06 0:00,,2021-06-06 00:00:00
7055.0,19-Jun-21,0.0,2021-06-19 3:00,,2021-06-19 03:00:00
7055.0,11-Sept-21,1.0,2021-09-10 17:00,9.0,2021-09-10 17:00:00
7055.0,29-Sept-21,0.0,2021-09-28 19:00,5.0,2021-09-28 19:00:00
7057.0,20-Aug-21,1.0,2021-08-20 9:00,,2021-08-20 09:00:00
7057.0,26-Oct-21,0.0,2021-10-26 5:00,3.0,2021-10-26 05:00:00
7057.0,05-Nov-21,1.0,2021-11-04 22:00,,2021-11-04 22:00:00
7059.0,10-Jan-21,1.0,2021-01-10 12:00,14.0,2021-01-10 12:00:00
7059.0,06-Feb-21,0.0,2021-02-04 16:00,,2021-02-04 16:00:00
7059.0,06-Mar-21,1.0,2021-03-05 16:00,12.0,2021-03-05 16:00:00
7060.0,29-Oct-21,1.0,2021-10-29 15:00,17.0,2021-10-29 15:00:00
7060.0,08-Nov-21,0.0,2021-11-07 22:00,,2021-11-07 22:00:00
7068.0,20-Sept-21,1.0,2021-09-20 6:00,6.0,2021-09-20 06:00:00
7068.0,02-Oct-21,1.0,2021-10-01 15:00,8.0,2021-10-01 15:00:00
7071.0,27-Jun-21,0.0,2021-06-26 17:00,5.0,2021-06-26 17:00:00
7071.0,14-Jul-21,1.0,2021-07-13 21:00,10.0,2021-07-13 21:00:00
7071.0,07-Nov-21,1.0,2021-11-07 8:00,,2021-11-07 08:00:00
7073.0,08-Jul-21,1.0,2021-07-07 23:00,,2021-07-07 23:00:00
7073.0,05-Aug-21,1.0,2021-08-05 1:00,11.0,2021-08-05 01:00:00
7073.0,30-Sept-21,1.0,2021-09-29 16:00,5.0,2021-09-29 16:00:00
7076.0,14-Jun-21,0.0,2021-06-13 20:00,7.0,2021-06-13 20:00:00
7076.0,25-Jun-21,1.0,2021-06-25 2:00,10.0,2021-06-25 02:00:00
7076.0,30-Aug-21,1.0,2021-08-29 23:00,13.0,2021-08-29 23:00:00
7078.0,27-Aug-21,1.0,2021-08-27 11:00,20.0,2021-08-27 11:00:00
7078.0,19-Sept-21,1.0,2021-09-19 12:00,15.0,2021-09-19 12:00:00
7078.0,04-Nov-21,1.0,2021-11-03 18:00,,2021-11-03 18:00:00
7078.0,09-Nov-21,1.0,2021-11-08 16:00,,2021-11-08 16:00:00
7081.0,08-Jun-21,0.0,2021-06-07 12:00,5.0,2021-06-07 12:00:00
7081.0,14-Jun-21,1.0,2021-06-14 2:00,9.0,2021-06-14 02:00:00
7081.0,29-Jun-21,0.0,2021-06-28 15:00,2.0,2021-06-28 15:00:00
7081.0,01-Jul-21,0.0,2021-06-30 19:00,,2021-06-30 19:00:00
7081.0,19-Sept-21,1.0,2021-09-19 0:00,23.0,2021-09-19 00:00:00
7081.0,11-Oct-21,1.0,2021-10-11 5:00,16.0,2021-10-11 05:00:00
7081.0,08-Nov-21,0.0,2021-11-07 11:00,,2021-11-07 11:00:00
7085.0,24-Jul-21,1.0,2021-07-24 4:00,8.0,2021-07-24 04:00:00
7085.0,24-Oct-21,1.0,2021-10-23 22:00,16.0,2021-10-23 22:00:00
7085.0,15-Nov-21,1.0,2021-11-14 17:00,,2021-11-14 17:00:00
7086.0,05-Sept-21,1.0,2021-09-05 10:00,25.0,2021-09-05 10:00:00
7092.0,15-Aug-21,1.0,2021-08-15 5:00,8.0,2021-08-15 05:00:00
7092.0,09-Sept-21,1.0,2021-09-08 16:00,16.0,2021-09-08 16:00:00
7092.0,01-Oct-21,1.0,2021-09-30 21:00,14.0,2021-09-30 21:00:00
7092.0,20-Oct-21,1.0,2021-10-20 5:00,12.0,2021-10-20 05:00:00
7093.0,26-Sept-21,1.0,2021-09-25 21:00,17.0,2021-09-25 21:00:00
7093.0,21-Oct-21,1.0,2021-10-21 0:00,13.0,2021-10-21 00:00:00
7093.0,08-Nov-21,1.0,2021-11-08 6:00,,2021-11-08 06:00:00
7095.0,31-Jan-21,1.0,2021-01-30 19:00,23.0,2021-01-30 19:00:00
7095.0,02-Mar-21,0.0,2021-03-02 13:00,4.0,2021-03-02 13:00:00
7095.0,13-Mar-21,1.0,2021-03-13 2:00,3.0,2021-03-13 02:00:00
7101.0,22-Jan-21,1.0,2021-01-22 2:00,4.0,2021-01-22 02:00:00
7101.0,12-Feb-21,0.0,2021-02-12 0:00,3.0,2021-02-12 00:00:00
7101.0,15-Feb-21,1.0,2021-02-15 11:00,10.0,2021-02-15 11:00:00
7109.0,05-Sept-21,1.0,2021-09-05 1:00,13.0,2021-09-05 01:00:00
7109.0,08-Sept-21,1.0,2021-09-08 5:00,8.0,2021-09-08 05:00:00
7109.0,11-Sept-21,1.0,2021-09-10 17:00,14.0,2021-09-10 17:00:00
7109.0,03-Oct-21,1.0,2021-10-02 4:00,15.0,2021-10-02 04:00:00
7110.0,09-Aug-21,1.0,2021-08-09 11:00,13.0,2021-08-09 11:00:00
7110.0,12-Aug-21,1.0,2021-08-12 3:00,8.0,2021-08-12 03:00:00
7110.0,30-Aug-21,1.0,2021-08-30 13:00,12.0,2021-08-30 13:00:00
7110.0,04-Sept-21,1.0,2021-09-04 11:00,8.0,2021-09-04 11:00:00
7110.0,26-Sept-21,1.0,2021-09-26 9:00,10.0,2021-09-26 09:00:00
7110.0,17-Oct-21,1.0,2021-10-17 1:00,13.0,2021-10-17 01:00:00
7110.0,09-Nov-21,1.0,2021-11-09 12:00,,2021-11-09 12:00:00
7114.0,30-Jan-21,1.0,2021-01-30 6:00,19.0,2021-01-30 06:00:00
7114.0,10-Mar-21,1.0,2021-03-09 16:00,13.0,2021-03-09 16:00:00
7115.0,08-Oct-21,0.0,2021-10-08 10:00,,2021-10-08 10:00:00
7115.0,26-Oct-21,1.0,2021-10-26 2:00,13.0,2021-10-26 02:00:00
7116.0,11-Sept-21,1.0,2021-09-11 3:00,13.0,2021-09-11 03:00:00
7116.0,18-Sept-21,0.0,2021-09-18 0:00,,2021-09-18 00:00:00
7116.0,01-Oct-21,1.0,2021-10-01 3:00,10.0,2021-10-01 03:00:00
7119.0,18-Oct-21,1.0,2021-10-18 7:00,6.0,2021-10-18 07:00:00
7119.0,23-Oct-21,1.0,2021-10-23 1:00,10.0,2021-10-23 01:00:00
7119.0,25-Oct-21,1.0,2021-10-25 1:00,11.0,2021-10-25 01:00:00
7119.0,15-Nov-21,1.0,2021-11-15 3:00,,2021-11-15 03:00:00
7123.0,11-Jan-21,1.0,2021-01-10 22:00,,2021-01-10 22:00:00
7123.0,16-Jan-21,1.0,2021-01-15 21:00,8.0,2021-01-15 21:00:00
7123.0,05-Feb-21,1.0,2021-02-04 18:00,13.0,2021-02-04 18:00:00
7123.0,17-Feb-21,0.0,2021-02-17 10:00,3.0,2021-02-17 10:00:00
7123.0,22-Feb-21,0.0,2021-02-21 9:00,5.0,2021-02-21 09:00:00
7123.0,03-Mar-21,0.0,2021-03-03 11:00,5.0,2021-03-03 11:00:00
7123.0,16-Mar-21,1.0,2021-03-16 3:00,10.0,2021-03-16 03:00:00
7123.0,21-Apr-21,1.0,2021-04-21 12:00,15.0,2021-04-21 12:00:00
7123.0,04-Jun-21,1.0,2021-06-04 11:00,12.0,2021-06-04 11:00:00
7123.0,10-Jun-21,0.0,2021-06-10 6:00,5.0,2021-06-10 06:00:00
7128.0,17-Feb-21,1.0,2021-02-17 4:00,11.0,2021-02-17 04:00:00
7131.0,11-Feb-21,1.0,2021-02-10 18:00,10.0,2021-02-10 18:00:00
7131.0,05-Mar-21,1.0,2021-03-04 23:00,6.0,2021-03-04 23:00:00
7131.0,28-Mar-21,1.0,2021-03-28 0:00,12.0,2021-03-28 00:00:00
7131.0,16-Apr-21,1.0,2021-04-15 11:00,2.0,2021-04-15 11:00:00
7131.0,10-May-21,1.0,2021-05-10 10:00,5.0,2021-05-10 10:00:00
7131.0,24-May-21,0.0,2021-05-24 20:00,6.0,2021-05-24 20:00:00
7131.0,09-Jun-21,0.0,2021-06-09 0:00,,2021-06-09 00:00:00
7134.0,05-Mar-21,1.0,2021-03-04 17:00,3.0,2021-03-04 17:00:00
7134.0,18-Apr-21,1.0,2021-04-18 6:00,7.0,2021-04-18 06:00:00
7135.0,14-Feb-21,1.0,2021-02-14 7:00,4.0,2021-02-14 07:00:00
7135.0,17-Feb-21,1.0,2021-02-17 6:00,7.0,2021-02-17 06:00:00
7136.0,03-Sept-21,1.0,2021-09-03 3:00,13.0,2021-09-03 03:00:00
7138.0,25-Feb-21,0.0,2021-02-24 22:00,4.0,2021-02-24 22:00:00
7138.0,04-Mar-21,0.0,2021-03-04 10:00,,2021-03-04 10:00:00
7139.0,12-Jan-21,1.0,2021-01-11 16:00,3.0,2021-01-11 16:00:00
7139.0,31-Jan-21,1.0,2021-01-31 7:00,15.0,2021-01-31 07:00:00
7139.0,23-Feb-21,1.0,2021-02-23 4:00,9.0,2021-02-23 04:00:00
7139.0,18-Mar-21,1.0,2021-03-17 18:00,13.0,2021-03-17 18:00:00
7143.0,18-Jan-21,1.0,2021-01-18 14:00,,2021-01-18 14:00:00
7143.0,10-Feb-21,1.0,2021-02-10 13:00,20.0,2021-02-10 13:00:00
7143.0,06-Mar-21,1.0,2021-03-05 15:00,17.0,2021-03-05 15:00:00
7146.0,11-Jan-21,1.0,2021-01-11 0:00,12.0,2021-01-11 00:00:00
7146.0,16-Mar-21,1.0,2021-03-16 7:00,6.0,2021-03-16 07:00:00
7146.0,14-Apr-21,1.0,2021-04-14 5:00,17.0,2021-04-14 05:00:00
7146.0,03-May-21,1.0,2021-05-02 21:00,6.0,2021-05-02 21:00:00
7146.0,19-May-21,1.0,2021-05-19 7:00,18.0,2021-05-19 07:00:00
7147.0,01-Feb-21,1.0,2021-01-31 21:00,,2021-01-31 21:00:00
7147.0,17-Mar-21,1.0,2021-03-16 20:00,3.0,2021-03-16 20:00:00
7147.0,11-May-21,1.0,2021-05-11 0:00,4.0,2021-05-11 00:00:00
7147.0,18-Jun-21,1.0,2021-06-18 9:00,,2021-06-18 09:00:00
7147.0,11-Jul-21,1.0,2021-07-11 7:00,6.0,2021-07-11 07:00:00
7147.0,14-Aug-21,0.0,2021-08-14 18:00,,2021-08-14 18:00:00
7153.0,03-Oct-21,1.0,2021-10-02 22:00,9.0,2021-10-02 22:00:00
7153.0,22-Oct-21,0.0,2021-10-22 1:00,4.0,2021-10-22 01:00:00
7153.0,28-Oct-21,0.0,2021-10-28 9:00,26.0,2021-10-28 09:00:00
7154.0,02-Mar-21,1.0,2021-03-02 6:00,14.0,2021-03-02 06:00:00
7154.0,11-Mar-21,1.0,2021-03-11 14:00,16.0,2021-03-11 14:00:00
7154.0,28-Mar-21,1.0,2021-03-27 14:00,22.0,2021-03-27 14:00:00
7154.0,08-Apr-21,1.0,2021-04-07 15:00,20.0,2021-04-07 15:00:00
7154.0,18-Apr-21,1.0,2021-04-17 23:00,13.0,2021-04-17 23:00:00
7154.0,03-May-21,1.0,2021-05-02 21:00,25.0,2021-05-02 21:00:00
7154.0,18-May-21,1.0,2021-05-18 13:00,17.0,2021-05-18 13:00:00
7156.0,11-Jan-21,1.0,2021-01-10 19:00,18.0,2021-01-10 19:00:00
7156.0,07-Feb-21,0.0,2021-02-06 16:00,7.0,2021-02-06 16:00:00
7158.0,09-Jun-21,1.0,2021-06-08 14:00,7.0,2021-06-08 14:00:00
7158.0,14-Jun-21,1.0,2021-06-14 6:00,15.0,2021-06-14 06:00:00
7158.0,24-Jul-21,1.0,2021-07-24 4:00,9.0,2021-07-24 04:00:00
7158.0,09-Oct-21,1.0,2021-10-09 13:00,,2021-10-09 13:00:00
7158.0,26-Oct-21,0.0,2021-10-26 7:00,7.0,2021-10-26 07:00:00
7159.0,14-Jan-21,1.0,2021-01-13 18:00,19.0,2021-01-13 18:00:00
7159.0,04-Feb-21,1.0,2021-02-04 12:00,16.0,2021-02-04 12:00:00
7162.0,25-Jan-21,1.0,2021-01-25 13:00,7.0,2021-01-25 13:00:00
7162.0,24-Mar-21,1.0,2021-03-24 12:00,20.0,2021-03-24 12:00:00
7162.0,14-Apr-21,1.0,2021-04-13 16:00,22.0,2021-04-13 16:00:00
7163.0,26-Jan-21,1.0,2021-01-26 3:00,4.0,2021-01-26 03:00:00
7163.0,15-Feb-21,1.0,2021-02-15 12:00,4.0,2021-02-15 12:00:00
7163.0,03-Mar-21,1.0,2021-03-03 10:00,22.0,2021-03-03 10:00:00
7163.0,06-Apr-21,0.0,2021-04-06 14:00,5.0,2021-04-06 14:00:00
7168.0,04-Mar-21,1.0,2021-03-04 0:00,,2021-03-04 00:00:00
7168.0,02-Jun-21,1.0,2021-06-02 11:00,6.0,2021-06-02 11:00:00
7168.0,29-Jul-21,1.0,2021-07-28 19:00,14.0,2021-07-28 19:00:00
7168.0,14-Aug-21,1.0,2021-08-14 0:00,19.0,2021-08-14 00:00:00
7169.0,11-Feb-21,1.0,2021-02-10 18:00,15.0,2021-02-10 18:00:00
8001.0,03-May-21,1.0,2021-05-02 21:00,11.0,2021-05-02 21:00:00
8001.0,24-May-21,1.0,2021-05-24 14:00,14.0,2021-05-24 14:00:00
8001.0,10-Jun-21,1.0,2021-06-10 5:00,25.0,2021-06-10 05:00:00
8001.0,05-Jul-21,0.0,2021-07-04 18:00,8.0,2021-07-04 18:00:00
8001.0,19-Jul-21,1.0,2021-07-19 0:00,7.0,2021-07-19 00:00:00
8002.0,22-Mar-21,1.0,2021-03-22 7:00,13.0,2021-03-22 07:00:00
8002.0,01-May-21,1.0,2021-05-01 4:00,15.0,2021-05-01 04:00:00
8002.0,15-Jun-21,1.0,2021-06-15 11:00,20.0,2021-06-15 11:00:00
8003.0,23-May-21,1.0,2021-05-22 23:00,17.0,2021-05-22 23:00:00
8003.0,01-May-21,1.0,2021-05-30 22:00,6.0,2021-05-30 22:00:00
8003.0,11-Jun-21,1.0,2021-06-11 8:00,10.0,2021-06-11 08:00:00
8003.0,30-Jun-21,1.0,2021-06-29 18:00,9.0,2021-06-29 18:00:00
8003.0,21-Jul-21,1.0,2021-07-20 13:00,11.0,2021-07-20 13:00:00
8003.0,15-Aug-21,1.0,2021-08-14 20:00,21.0,2021-08-14 20:00:00
8003.0,19-Aug-21,1.0,2021-08-18 23:00,14.0,2021-08-18 23:00:00
8004.0,10-May-21,1.0,2021-05-09 21:00,13.0,2021-05-09 21:00:00
8006.0,18-Jul-21,0.0,2021-07-18 11:00,4.0,2021-07-18 11:00:00
8009.0,03-May-21,1.0,2021-05-02 15:00,12.0,2021-05-02 15:00:00
8009.0,22-Jun-21,1.0,2021-06-21 19:00,8.0,2021-06-21 19:00:00
8009.0,10-Jul-21,1.0,2021-07-09 16:00,1.0,2021-07-09 16:00:00
8009.0,14-Jul-21,1.0,2021-07-14 0:00,11.0,2021-07-14 00:00:00
8009.0,26-Jul-21,1.0,2021-07-25 22:00,10.0,2021-07-25 22:00:00
8009.0,31-Jul-21,0.0,2021-07-31 3:00,3.0,2021-07-31 03:00:00
8014.0,07-Jan-21,1.0,2021-01-07 5:00,16.0,2021-01-07 05:00:00
8014.0,20-Mar-21,1.0,2021-03-19 16:00,13.0,2021-03-19 16:00:00
8014.0,09-Apr-21,1.0,2021-04-09 10:00,,2021-04-09 10:00:00
8015.0,17-Feb-21,1.0,2021-02-16 23:00,7.0,2021-02-16 23:00:00
8015.0,20-Feb-21,1.0,2021-02-19 20:00,8.0,2021-02-19 20:00:00
8015.0,15-Mar-21,1.0,2021-03-15 6:00,4.0,2021-03-15 06:00:00
8015.0,23-Apr-21,1.0,2021-04-22 18:00,12.0,2021-04-22 18:00:00
8015.0,21-Jun-21,1.0,2021-06-21 11:00,14.0,2021-06-21 11:00:00
8018.0,31-Jan-21,1.0,2021-01-31 5:00,4.0,2021-01-31 05:00:00
8018.0,10-Feb-21,1.0,2021-02-10 9:00,16.0,2021-02-10 09:00:00
8018.0,13-Apr-21,1.0,2021-04-13 11:00,28.0,2021-04-13 11:00:00
8018.0,06-May-21,1.0,2021-05-06 0:00,19.0,2021-05-06 00:00:00
8020.0,07-Jun-21,1.0,2021-06-06 20:00,15.0,2021-06-06 20:00:00
8020.0,28-Jun-21,1.0,2021-06-28 8:00,,2021-06-28 08:00:00
8020.0,22-Jul-21,1.0,2021-07-22 1:00,14.0,2021-07-22 01:00:00
8021.0,07-Feb-21,1.0,2021-02-07 5:00,7.0,2021-02-07 05:00:00
8021.0,10-Feb-21,1.0,2021-02-09 18:00,2.0,2021-02-09 18:00:00
8021.0,14-Apr-21,1.0,2021-04-13 16:00,21.0,2021-04-13 16:00:00
8021.0,04-May-21,1.0,2021-05-03 19:00,11.0,2021-05-03 19:00:00
8021.0,10-May-21,0.0,2021-05-10 10:00,,2021-05-10 10:00:00
8021.0,23-May-21,0.0,2021-05-23 14:00,,2021-05-23 14:00:00
8021.0,12-Jun-21,1.0,2021-06-11 17:00,11.0,2021-06-11 17:00:00
8021.0,29-Jul-21,1.0,2021-07-29 11:00,15.0,2021-07-29 11:00:00
8022.0,05-May-21,1.0,2021-05-05 0:00,14.0,2021-05-05 00:00:00
8022.0,25-May-21,1.0,2021-05-25 8:00,13.0,2021-05-25 08:00:00
8022.0,23-Jun-21,0.0,2021-06-23 23:00,15.0,2021-06-23 23:00:00
8022.0,16-Jul-21,1.0,2021-07-15 19:00,8.0,2021-07-15 19:00:00
8022.0,04-Aug-21,1.0,2021-08-03 16:00,14.0,2021-08-03 16:00:00
8023.0,15-May-21,1.0,2021-05-14 19:00,,2021-05-14 19:00:00
8023.0,26-Jun-21,1.0,2021-06-26 2:00,9.0,2021-06-26 02:00:00
8023.0,23-Jul-21,1.0,2021-07-22 22:00,32.0,2021-07-22 22:00:00
8023.0,27-Sept-21,1.0,2021-09-27 2:00,13.0,2021-09-27 02:00:00
8024.0,19-Jan-21,1.0,2021-01-19 0:00,12.0,2021-01-19 00:00:00
8024.0,09-Feb-21,1.0,2021-02-09 14:00,,2021-02-09 14:00:00
8024.0,08-Apr-21,1.0,2021-04-08 8:00,15.0,2021-04-08 08:00:00
8024.0,20-Apr-21,1.0,2021-04-20 3:00,,2021-04-20 03:00:00
8033.0,22-Mar-21,1.0,2021-03-22 8:00,12.0,2021-03-22 08:00:00
8033.0,07-Jun-21,1.0,2021-06-07 12:00,15.0,2021-06-07 12:00:00
8033.0,02-Aug-21,1.0,2021-08-02 1:00,18.0,2021-08-02 01:00:00
8033.0,13-Sept-21,1.0,2021-09-13 2:00,28.0,2021-09-13 02:00:00
8036.0,26-Jun-21,1.0,2021-06-25 22:00,7.0,2021-06-25 22:00:00
8036.0,14-Jul-21,1.0,2021-07-13 22:00,9.0,2021-07-13 22:00:00
8036.0,17-Sept-21,0.0,2021-09-17 5:00,,2021-09-17 05:00:00
8036.0,20-Sept-21,1.0,2021-09-19 20:00,,2021-09-19 20:00:00
8036.0,19-Oct-21,0.0,2021-10-19 5:00,,2021-10-19 05:00:00
8038.0,27-Jun-21,1.0,2021-06-28 1:00,,2021-06-28 01:00:00
8038.0,05-Jul-21,1.0,2021-07-04 21:00,9.0,2021-07-04 21:00:00
8038.0,15-Aug-21,1.0,2021-08-15 7:00,11.0,2021-08-15 07:00:00
8038.0,07-Sept-21,1.0,2021-09-06 20:00,11.0,2021-09-06 20:00:00
8039.0,12-May-21,1.0,2021-05-12 5:00,6.0,2021-05-12 05:00:00
8039.0,28-May-21,1.0,2021-05-28 1:00,7.0,2021-05-28 01:00:00
8039.0,16-Jun-21,1.0,2021-06-15 19:00,11.0,2021-06-15 19:00:00
8039.0,28-Jul-21,1.0,2021-07-28 6:00,13.0,2021-07-28 06:00:00
8039.0,05-Sept-21,1.0,2021-09-05 9:00,12.0,2021-09-05 09:00:00
8041.0,19-Sept-21,0.0,2021-09-18 22:00,5.0,2021-09-18 22:00:00
8041.0,30-Sept-21,1.0,2021-09-30 7:00,16.0,2021-09-30 07:00:00
8042.0,20-Jun-21,1.0,2021-06-19 14:00,2.0,2021-06-19 14:00:00
8042.0,26-Jul-21,1.0,2021-07-25 20:00,8.0,2021-07-25 20:00:00
8042.0,25-Aug-21,1.0,2021-08-25 13:00,14.0,2021-08-25 13:00:00
8042.0,14-Sept-21,1.0,2021-09-13 22:00,14.0,2021-09-13 22:00:00
8042.0,07-Oct-21,1.0,2021-10-06 13:00,19.0,2021-10-06 13:00:00
8042.0,30-Oct-21,1.0,2021-10-30 12:00,,2021-10-30 12:00:00
8045.0,01-Apr-21,1.0,2021-03-31 19:00,10.0,2021-03-31 19:00:00
8045.0,25-Apr-21,1.0,2021-04-24 21:00,7.0,2021-04-24 21:00:00
8054.0,27-Aug-21,1.0,2021-08-27 0:00,5.0,2021-08-27 00:00:00
8057.0,27-May-21,1.0,2021-05-26 20:00,13.0,2021-05-26 20:00:00
8057.0,16-Jun-21,1.0,2021-06-15 23:00,14.0,2021-06-15 23:00:00
8057.0,20-Jul-21,1.0,2021-07-20 3:00,13.0,2021-07-20 03:00:00
8061.0,06-Jun-21,1.0,2021-06-05 18:00,11.0,2021-06-05 18:00:00
8061.0,27-Jun-21,1.0,2021-06-26 21:00,10.0,2021-06-26 21:00:00
8061.0,20-Jul-21,1.0,2021-07-20 0:00,10.0,2021-07-20 00:00:00
8067.0,20-Jul-21,1.0,2021-07-19 15:00,4.0,2021-07-19 15:00:00
8067.0,27-Aug-21,1.0,2021-08-27 14:00,13.0,2021-08-27 14:00:00
8068.0,15-Jun-21,1.0,2021-06-15 2:00,15.0,2021-06-15 02:00:00
8068.0,29-Jul-21,1.0,2021-07-28 18:00,11.0,2021-07-28 18:00:00
8068.0,17-Aug-21,1.0,2021-08-17 7:00,13.0,2021-08-17 07:00:00
8069.0,20-Sept-21,1.0,2021-09-19 17:00,15.0,2021-09-19 17:00:00
8074.0,01-Jun-21,1.0,2021-06-01 13:00,7.0,2021-06-01 13:00:00
8074.0,23-Jun-21,1.0,2021-06-22 23:00,6.0,2021-06-22 23:00:00
8074.0,10-Jul-21,1.0,2021-07-10 9:00,12.0,2021-07-10 09:00:00
8075.0,14-Aug-21,1.0,2021-08-14 10:00,6.0,2021-08-14 10:00:00
8075.0,25-Sept-21,0.0,2021-09-25 0:00,2.0,2021-09-25 00:00:00
8075.0,10-Oct-21,1.0,2021-10-09 15:00,15.0,2021-10-09 15:00:00
8076.0,04-May-21,1.0,2021-05-04 0:00,11.0,2021-05-04 00:00:00
8076.0,24-May-21,1.0,2021-05-23 17:00,11.0,2021-05-23 17:00:00
8076.0,16-Jun-21,1.0,2021-06-16 11:00,10.0,2021-06-16 11:00:00
8076.0,09-Jul-21,1.0,2021-07-08 16:00,6.0,2021-07-08 16:00:00
8076.0,31-Jul-21,1.0,2021-07-31 2:00,11.0,2021-07-31 02:00:00
8078.0,01-Jun-21,1.0,2021-05-31 15:00,17.0,2021-05-31 15:00:00
8078.0,22-Jun-21,1.0,2021-06-21 18:00,20.0,2021-06-21 18:00:00
8078.0,22-Jun-21,1.0,2021-06-21 18:00,20.0,2021-06-21 18:00:00
8080.0,13-Jun-21,1.0,2021-06-13 12:00,13.0,2021-06-13 12:00:00
8080.0,06-Aug-21,1.0,2021-08-05 15:00,13.0,2021-08-05 15:00:00
8080.0,27-Aug-21,1.0,2021-08-27 6:00,12.0,2021-08-27 06:00:00
8082.0,22-Jul-21,1.0,2021-07-22 4:00,6.0,2021-07-22 04:00:00
8082.0,07-Oct-21,0.0,2021-10-07 7:00,2.0,2021-10-07 07:00:00
8082.0,18-Oct-21,1.0,2021-10-18 11:00,8.0,2021-10-18 11:00:00
8083.0,04-Nov-21,1.0,2021-11-04 8:00,,2021-11-04 08:00:00
8085.0,30-Jul-21,1.0,2021-07-30 4:00,11.0,2021-07-30 04:00:00
8085.0,19-Aug-21,1.0,2021-08-18 18:00,7.0,2021-08-18 18:00:00
8085.0,09-Sept-21,1.0,2021-09-08 16:00,9.0,2021-09-08 16:00:00
8085.0,04-Oct-21,1.0,2021-10-03 18:00,13.0,2021-10-03 18:00:00
8088.0,09-Jul-21,1.0,2021-07-08 22:00,15.0,2021-07-08 22:00:00
8088.0,27-Jul-21,1.0,2021-07-27 9:00,13.0,2021-07-27 09:00:00
8088.0,29-Sept-21,1.0,2021-09-28 19:00,21.0,2021-09-28 19:00:00
8088.0,24-Oct-21,1.0,2021-10-24 2:00,19.0,2021-10-24 02:00:00
8088.0,15-Nov-21,1.0,2021-11-15 12:00,,2021-11-15 12:00:00
8089.0,13-Oct-21,1.0,2021-10-13 3:00,18.0,2021-10-13 03:00:00
8099.0,19-May-21,1.0,2021-05-19 11:00,15.0,2021-05-19 11:00:00
8099.0,23-May-21,1.0,2021-05-23 3:00,4.0,2021-05-23 03:00:00
8099.0,08-Jun-21,1.0,2021-06-08 2:00,17.0,2021-06-08 02:00:00
8099.0,30-Jun-21,1.0,2021-06-29 13:00,14.0,2021-06-29 13:00:00
8099.0,08-Aug-21,1.0,2021-08-08 7:00,14.0,2021-08-08 07:00:00
8099.0,31-Aug-21,1.0,2021-08-31 6:00,15.0,2021-08-31 06:00:00
8099.0,05-Sept-21,0.0,2021-09-05 7:00,7.0,2021-09-05 07:00:00
8105.0,06-Aug-21,0.0,2021-08-06 6:00,7.0,2021-08-06 06:00:00
8105.0,01-Nov-21,1.0,2021-11-01 0:00,,2021-11-01 00:00:00
8106.0,09-Jul-21,1.0,2021-07-08 17:00,13.0,2021-07-08 17:00:00
8106.0,12-Aug-21,1.0,2021-08-12 4:00,9.0,2021-08-12 04:00:00
8106.0,13-Oct-21,1.0,2021-10-13 6:00,15.0,2021-10-13 06:00:00
8107.0,04-Jun-21,1.0,2021-06-04 7:00,6.0,2021-06-04 07:00:00
8107.0,10-Jul-21,1.0,2021-07-10 2:00,14.0,2021-07-10 02:00:00
8107.0,16-Jul-21,1.0,2021-07-15 13:00,1.0,2021-07-15 13:00:00
8107.0,02-Aug-21,1.0,2021-08-01 22:00,5.0,2021-08-01 22:00:00
8107.0,20-Aug-21,1.0,2021-08-20 1:00,15.0,2021-08-20 01:00:00
8108.0,27-Oct-21,1.0,2021-10-26 19:00,,2021-10-26 19:00:00
8111.0,20-Aug-21,1.0,2021-08-20 4:00,15.0,2021-08-20 04:00:00
8111.0,23-Aug-21,1.0,2021-08-23 6:00,17.0,2021-08-23 06:00:00
8111.0,28-Aug-21,1.0,2021-08-27 22:00,15.0,2021-08-27 22:00:00
8111.0,22-Sept-21,0.0,2021-09-22 4:00,2.0,2021-09-22 04:00:00
8111.0,15-Nov-21,1.0,2021-11-15 7:00,,2021-11-15 07:00:00
8122.0,01-Aug-21,1.0,2021-08-01 3:00,8.0,2021-08-01 03:00:00
8122.0,20-Aug-21,1.0,2021-08-20 4:00,12.0,2021-08-20 04:00:00
8122.0,20-Oct-21,0.0,2021-10-20 9:00,,2021-10-20 09:00:00
8122.0,25-Oct-21,1.0,2021-10-25 13:00,6.0,2021-10-25 13:00:00
8124.0,21-Sept-21,0.0,2021-09-21 3:00,1.0,2021-09-21 03:00:00
8124.0,26-Sept-21,1.0,2021-09-25 16:00,19.0,2021-09-25 16:00:00
8126.0,02-Sept-21,1.0,2021-09-02 11:00,9.0,2021-09-02 11:00:00
8126.0,25-Sept-21,1.0,2021-09-25 0:00,5.0,2021-09-25 00:00:00
8126.0,12-Nov-21,1.0,2021-11-12 2:00,,2021-11-12 02:00:00
8131.0,07-Jan-21,1.0,2021-01-07 5:00,14.0,2021-01-07 05:00:00
8131.0,22-Jan-21,1.0,2021-01-22 2:00,13.0,2021-01-22 02:00:00
8131.0,15-Feb-21,1.0,2021-02-15 10:00,12.0,2021-02-15 10:00:00
8131.0,14-Mar-21,1.0,2021-03-14 9:00,17.0,2021-03-14 09:00:00
8131.0,07-Apr-21,1.0,2021-04-07 10:00,12.0,2021-04-07 10:00:00
8135.0,25-Jun-21,1.0,2021-06-25 2:00,9.0,2021-06-25 02:00:00
8135.0,18-Sept-21,1.0,2021-09-18 7:00,17.0,2021-09-18 07:00:00
8136.0,22-Jul-21,1.0,2021-07-21 16:00,11.0,2021-07-21 16:00:00
8136.0,12-Aug-21,1.0,2021-08-12 11:00,,2021-08-12 11:00:00
8136.0,19-Oct-21,1.0,2021-10-19 0:00,14.0,2021-10-19 00:00:00
8136.0,08-Nov-21,0.0,2021-11-07 22:00,,2021-11-07 22:00:00
8137.0,25-Jul-21,1.0,2021-07-25 1:00,3.0,2021-07-25 01:00:00
8137.0,23-Aug-21,1.0,2021-08-23 11:00,12.0,2021-08-23 11:00:00
8137.0,30-Oct-21,1.0,2021-10-29 15:00,19.0,2021-10-29 15:00:00
8141.0,27-Jan-21,0.0,2021-01-27 8:00,,2021-01-27 08:00:00
8141.0,31-Jan-21,1.0,2021-01-31 6:00,12.0,2021-01-31 06:00:00
8141.0,23-Feb-21,1.0,2021-02-23 8:00,8.0,2021-02-23 08:00:00
8141.0,27-Feb-21,0.0,2021-02-26 23:00,9.0,2021-02-26 23:00:00
8141.0,04-Mar-21,0.0,2021-03-04 7:00,7.0,2021-03-04 07:00:00
8141.0,28-Mar-21,0.0,2021-03-28 6:00,3.0,2021-03-28 06:00:00
8142.0,16-Mar-21,1.0,2021-03-16 10:00,15.0,2021-03-16 10:00:00
8142.0,26-Mar-21,1.0,2021-03-25 22:00,14.0,2021-03-25 22:00:00
8142.0,05-May-21,1.0,2021-05-04 21:00,16.0,2021-05-04 21:00:00
8142.0,23-May-21,0.0,2021-05-23 3:00,1.0,2021-05-23 03:00:00
8143.0,08-Nov-21,1.0,2021-11-08 0:00,,2021-11-08 00:00:00
8145.0,12-Jan-21,1.0,2021-01-12 9:00,,2021-01-12 09:00:00
8145.0,30-Oct-21,1.0,2021-10-29 14:00,13.0,2021-10-29 14:00:00
8145.0,12-Nov-21,1.0,2021-11-12 1:00,,2021-11-12 01:00:00
8146.0,06-Feb-21,1.0,2021-02-06 2:00,5.0,2021-02-06 02:00:00
8146.0,27-Feb-21,1.0,2021-02-26 20:00,17.0,2021-02-26 20:00:00
8146.0,04-Mar-21,0.0,2021-03-04 0:00,7.0,2021-03-04 00:00:00
8146.0,08-Mar-21,0.0,2021-03-08 3:00,6.0,2021-03-08 03:00:00
8146.0,16-Mar-21,0.0,2021-03-15 15:00,7.0,2021-03-15 15:00:00
8146.0,19-Mar-21,1.0,2021-03-19 11:00,9.0,2021-03-19 11:00:00
8146.0,31-Mar-21,0.0,2021-03-31 12:00,2.0,2021-03-31 12:00:00
8146.0,09-Apr-21,0.0,2021-04-08 14:00,,2021-04-08 14:00:00
8147.0,08-Sept-21,1.0,2021-09-07 17:00,6.0,2021-09-07 17:00:00
8147.0,01-Oct-21,1.0,2021-10-01 0:00,5.0,2021-10-01 00:00:00
8147.0,14-Nov-21,1.0,2021-11-14 12:00,,2021-11-14 12:00:00
8147.0,16-Nov-21,0.0,2021-11-16 0:00,,2021-11-16 00:00:00
8149.0,31-Mar-21,1.0,2021-03-31 8:00,19.0,2021-03-31 08:00:00
8149.0,25-Apr-21,1.0,2021-04-24 19:00,6.0,2021-04-24 19:00:00
8152.0,09-Oct-21,1.0,2021-10-09 14:00,,2021-10-09 14:00:00
8152.0,01-Nov-21,1.0,2021-10-31 21:00,,2021-10-31 21:00:00
8153.0,20-Sept-21,1.0,2021-09-19 14:00,18.0,2021-09-19 14:00:00
8154.0,15-Oct-21,0.0,2021-10-14 14:00,7.0,2021-10-14 14:00:00
8154.0,28-Oct-21,1.0,2021-10-28 13:00,13.0,2021-10-28 13:00:00
8156.0,04-Feb-21,0.0,2021-02-03 12:00,1.0,2021-02-03 12:00:00
8156.0,09-Feb-21,1.0,2021-02-09 6:00,1.0,2021-02-09 06:00:00
8156.0,19-Apr-21,1.0,2021-04-18 18:00,18.0,2021-04-18 18:00:00
8156.0,10-May-21,1.0,2021-05-09 20:00,15.0,2021-05-09 20:00:00
8156.0,31-May-21,1.0,2021-05-31 3:00,17.0,2021-05-31 03:00:00
8156.0,22-Jun-21,1.0,2021-06-21 23:00,15.0,2021-06-21 23:00:00
8156.0,17-Jul-21,1.0,2021-07-17 6:00,22.0,2021-07-17 06:00:00
8156.0,10-Aug-21,1.0,2021-08-09 14:00,14.0,2021-08-09 14:00:00
8160.0,02-Jun-21,0.0,2021-06-01 22:00,,2021-06-01 22:00:00
8160.0,11-Jun-21,0.0,2021-06-11 6:00,,2021-06-11 06:00:00
8161.0,14-Jan-21,1.0,2021-01-13 15:00,11.0,2021-01-13 15:00:00
8161.0,03-Feb-21,1.0,2021-02-03 4:00,,2021-02-03 04:00:00
8161.0,17-Feb-21,0.0,2021-02-17 0:00,3.0,2021-02-17 00:00:00
8161.0,26-Feb-21,0.0,2021-02-26 0:00,2.0,2021-02-26 00:00:00
8164.0,06-Feb-21,1.0,2021-02-06 6:00,16.0,2021-02-06 06:00:00
8164.0,27-Feb-21,1.0,2021-02-26 19:00,20.0,2021-02-26 19:00:00
8164.0,04-Mar-21,0.0,2021-03-04 0:00,,2021-03-04 00:00:00
8167.0,21-Jan-21,0.0,2021-01-21 6:00,1.0,2021-01-21 06:00:00
8167.0,10-Mar-21,1.0,2021-03-09 16:00,14.0,2021-03-09 16:00:00
8168.0,01-Oct-21,1.0,2021-10-01 2:00,13.0,2021-10-01 02:00:00
8168.0,16-Nov-21,1.0,2021-11-16 5:00,,2021-11-16 05:00:00
8169.0,25-Jan-21,1.0,2021-01-25 10:00,10.0,2021-01-25 10:00:00
8169.0,21-Feb-21,1.0,2021-02-20 18:00,20.0,2021-02-20 18:00:00
8169.0,18-Mar-21,1.0,2021-03-18 7:00,10.0,2021-03-18 07:00:00
8169.0,26-Apr-21,1.0,2021-04-26 10:00,12.0,2021-04-26 10:00:00
8169.0,24-May-21,0.0,2021-05-24 11:00,2.0,2021-05-24 11:00:00
9007.0,20-Jan-21,1.0,2021-01-20 4:00,19.0,2021-01-20 04:00:00
9007.0,10-Feb-21,1.0,2021-02-09 18:00,21.0,2021-02-09 18:00:00
9010.0,07-Jan-21,1.0,2021-01-07 5:00,9.0,2021-01-07 05:00:00
9010.0,26-Jan-21,0.0,2021-01-26 6:00,4.0,2021-01-26 06:00:00
9010.0,31-Jan-21,1.0,2021-01-31 1:00,12.0,2021-01-31 01:00:00
9010.0,09-Feb-21,0.0,2021-02-08 20:00,1.0,2021-02-08 20:00:00
9010.0,04-Mar-21,0.0,2021-03-04 0:00,1.0,2021-03-04 00:00:00
9011.0,31-Jan-21,1.0,2021-01-31 1:00,11.0,2021-01-31 01:00:00
9012.0,16-Jan-21,1.0,2021-01-15 19:00,15.0,2021-01-15 19:00:00
9012.0,05-Nov-21,1.0,2021-11-04 20:00,,2021-11-04 20:00:00
9016.0,20-Jan-21,1.0,2021-01-19 21:00,11.0,2021-01-19 21:00:00
9016.0,23-Jan-21,0.0,2021-01-23 0:00,6.0,2021-01-23 00:00:00
9016.0,04-Mar-21,1.0,2021-03-03 23:00,13.0,2021-03-03 23:00:00
9016.0,26-Mar-21,1.0,2021-03-26 21:00,15.0,2021-03-26 21:00:00
9016.0,17-Apr-21,1.0,2021-04-16 23:00,17.0,2021-04-16 23:00:00
9017.0,01-May-21,1.0,2021-04-30 21:00,15.0,2021-04-30 21:00:00
9017.0,04-Jun-21,1.0,2021-06-04 8:00,12.0,2021-06-04 08:00:00
9017.0,28-Jun-21,1.0,2021-06-28 7:00,13.0,2021-06-28 07:00:00
9017.0,15-Aug-21,1.0,2021-08-15 1:00,12.0,2021-08-15 01:00:00
9017.0,09-Sept-21,1.0,2021-09-08 18:00,14.0,2021-09-08 18:00:00
9017.0,22-Sept-21,1.0,2021-09-22 0:00,14.0,2021-09-22 00:00:00
9018.0,18-Jan-21,1.0,2021-01-18 8:00,4.0,2021-01-18 08:00:00
9018.0,21-Mar-21,1.0,2021-03-21 11:00,17.0,2021-03-21 11:00:00
9018.0,28-Apr-21,1.0,2021-04-28 16:00,15.0,2021-04-28 16:00:00
9019.0,25-Jan-21,1.0,2021-01-24 17:00,14.0,2021-01-24 17:00:00
9019.0,08-Apr-21,1.0,2021-04-08 7:00,16.0,2021-04-08 07:00:00
9022.0,09-May-21,1.0,2021-05-08 10:00,,2021-05-08 10:00:00
9022.0,31-May-21,1.0,2021-05-31 6:00,7.0,2021-05-31 06:00:00
9022.0,22-Jun-21,1.0,2021-06-22 7:00,14.0,2021-06-22 07:00:00
9025.0,15-Jan-21,1.0,2021-01-15 11:00,20.0,2021-01-15 11:00:00
9025.0,04-Feb-21,1.0,2021-02-04 11:00,15.0,2021-02-04 11:00:00
9025.0,28-Feb-21,1.0,2021-02-28 6:00,12.0,2021-02-28 06:00:00
9025.0,21-Mar-21,1.0,2021-03-20 21:00,25.0,2021-03-20 21:00:00
9026.0,11-Mar-21,1.0,2021-03-11 5:00,16.0,2021-03-11 05:00:00
9028.0,05-May-21,1.0,2021-05-05 6:00,4.0,2021-05-05 06:00:00
9028.0,08-May-21,1.0,2021-05-07 6:00,7.0,2021-05-07 06:00:00
9028.0,10-May-21,1.0,2021-05-10 5:00,6.0,2021-05-10 05:00:00
9028.0,25-May-21,0.0,2021-05-25 4:00,6.0,2021-05-25 04:00:00
9028.0,28-May-21,1.0,2021-05-27 16:00,11.0,2021-05-27 16:00:00
9028.0,18-Jun-21,1.0,2021-06-18 13:00,17.0,2021-06-18 13:00:00
9028.0,10-Jul-21,1.0,2021-07-10 14:00,8.0,2021-07-10 14:00:00
9029.0,10-Feb-21,1.0,2021-02-10 13:00,14.0,2021-02-10 13:00:00
9029.0,07-Apr-21,1.0,2021-04-07 7:00,7.0,2021-04-07 07:00:00
9029.0,04-May-21,0.0,2021-05-04 0:00,1.0,2021-05-04 00:00:00
9031.0,25-Feb-21,0.0,2021-02-25 0:00,1.0,2021-02-25 00:00:00
9031.0,04-Mar-21,1.0,2021-03-04 15:00,,2021-03-04 15:00:00
9031.0,04-May-21,0.0,2021-05-04 2:00,,2021-05-04 02:00:00
9031.0,26-May-21,1.0,2021-05-26 6:00,19.0,2021-05-26 06:00:00
9032.0,10-Feb-21,1.0,2021-02-09 19:00,2.0,2021-02-09 19:00:00
9032.0,27-Feb-21,1.0,2021-02-26 21:00,15.0,2021-02-26 21:00:00
9032.0,12-May-21,1.0,2021-05-12 14:00,16.0,2021-05-12 14:00:00
9033.0,09-Feb-21,1.0,2021-02-08 15:00,,2021-02-08 15:00:00
9033.0,28-Feb-21,1.0,2021-02-28 13:00,9.0,2021-02-28 13:00:00
9033.0,22-Mar-21,1.0,2021-03-21 17:00,18.0,2021-03-21 17:00:00
9033.0,12-Apr-21,1.0,2021-04-12 2:00,10.0,2021-04-12 02:00:00
9038.0,14-May-21,1.0,2021-05-14 10:00,18.0,2021-05-14 10:00:00
9038.0,05-Jun-21,1.0,2021-06-05 4:00,18.0,2021-06-05 04:00:00
9038.0,20-Jul-21,1.0,2021-07-20 10:00,17.0,2021-07-20 10:00:00
9038.0,02-Aug-21,0.0,2021-08-02 11:00,1.0,2021-08-02 11:00:00
9038.0,01-Oct-21,1.0,2021-10-01 7:00,16.0,2021-10-01 07:00:00
9038.0,06-Nov-21,1.0,2021-11-05 21:00,,2021-11-05 21:00:00
9042.0,13-May-21,1.0,2021-05-12 17:00,11.0,2021-05-12 17:00:00
9042.0,03-Jun-21,1.0,2021-06-03 2:00,7.0,2021-06-03 02:00:00
9042.0,10-Jul-21,1.0,2021-07-10 9:00,12.0,2021-07-10 09:00:00
9042.0,02-Aug-21,1.0,2021-08-02 0:00,10.0,2021-08-02 00:00:00
9047.0,10-Mar-21,0.0,2021-03-10 7:00,2.0,2021-03-10 07:00:00
9047.0,24-May-21,1.0,2021-05-24 6:00,17.0,2021-05-24 06:00:00
9047.0,10-Aug-21,1.0,2021-08-10 11:00,21.0,2021-08-10 11:00:00
9047.0,01-Sept-21,1.0,2021-08-31 18:00,11.0,2021-08-31 18:00:00
9047.0,05-Sept-21,0.0,2021-09-04 20:00,2.0,2021-09-04 20:00:00
9047.0,25-Sept-21,1.0,2021-09-25 11:00,10.0,2021-09-25 11:00:00
9049.0,08-Jun-21,1.0,2021-06-08 2:00,10.0,2021-06-08 02:00:00
9049.0,13-Aug-21,1.0,2021-08-13 0:00,12.0,2021-08-13 00:00:00
9049.0,03-Sept-21,1.0,2021-09-03 3:00,17.0,2021-09-03 03:00:00
9052.0,21-Apr-21,0.0,2021-04-21 3:00,15.0,2021-04-21 03:00:00
9052.0,30-May-21,1.0,2021-05-29 19:00,11.0,2021-05-29 19:00:00
9052.0,08-Jul-21,1.0,2021-07-07 23:00,10.0,2021-07-07 23:00:00
9054.0,10-Mar-21,1.0,2021-03-09 18:00,5.0,2021-03-09 18:00:00
9054.0,12-May-21,1.0,2021-05-11 17:00,5.0,2021-05-11 17:00:00
9054.0,01-Jun-21,1.0,2021-05-31 14:00,17.0,2021-05-31 14:00:00
9056.0,11-Mar-21,1.0,2021-03-10 6:00,1.0,2021-03-10 06:00:00
9056.0,02-Apr-21,1.0,2021-04-02 7:00,8.0,2021-04-02 07:00:00
9056.0,23-May-21,0.0,2021-05-23 0:00,1.0,2021-05-23 00:00:00
9056.0,26-May-21,1.0,2021-05-26 11:00,8.0,2021-05-26 11:00:00
9056.0,15-Jul-21,0.0,2021-07-15 16:00,5.0,2021-07-15 16:00:00
9057.0,28-Mar-21,1.0,2021-03-27 22:00,14.0,2021-03-27 22:00:00
9057.0,11-Jun-21,1.0,2021-06-11 0:00,19.0,2021-06-11 00:00:00
9057.0,04-Jul-21,1.0,2021-07-03 15:00,14.0,2021-07-03 15:00:00
9057.0,24-Jul-21,1.0,2021-07-24 10:00,20.0,2021-07-24 10:00:00
9060.0,06-Mar-21,1.0,2021-03-05 21:00,13.0,2021-03-05 21:00:00
9060.0,06-May-21,1.0,2021-05-05 22:00,,2021-05-05 22:00:00
9060.0,04-Jun-21,1.0,2021-06-04 3:00,18.0,2021-06-04 03:00:00
9063.0,23-Feb-21,1.0,2021-02-23 3:00,11.0,2021-02-23 03:00:00
9063.0,06-May-21,1.0,2021-05-06 2:00,,2021-05-06 02:00:00
9065.0,19-Feb-21,1.0,2021-02-19 0:00,7.0,2021-02-19 00:00:00
9065.0,05-May-21,1.0,2021-05-04 21:00,,2021-05-04 21:00:00
9065.0,04-Jun-21,0.0,2021-06-04 5:00,8.0,2021-06-04 05:00:00
9066.0,21-Apr-21,1.0,2021-04-21 3:00,5.0,2021-04-21 03:00:00
9066.0,26-Apr-21,1.0,2021-04-26 1:00,2.0,2021-04-26 01:00:00
9066.0,25-May-21,1.0,2021-05-25 1:00,16.0,2021-05-25 01:00:00
9066.0,14-Jun-21,1.0,2021-06-14 13:00,20.0,2021-06-14 13:00:00
9066.0,06-Jul-21,1.0,2021-07-06 12:00,14.0,2021-07-06 12:00:00
9066.0,15-Jul-21,1.0,2021-07-15 11:00,14.0,2021-07-15 11:00:00
9066.0,18-Jul-21,1.0,2021-07-17 7:00,6.0,2021-07-17 07:00:00
9066.0,09-Aug-21,1.0,2021-08-08 21:00,13.0,2021-08-08 21:00:00
9071.0,01-Apr-21,1.0,2021-04-01 13:00,9.0,2021-04-01 13:00:00
9071.0,12-Jun-21,1.0,2021-06-11 15:00,,2021-06-11 15:00:00
9071.0,29-Jul-21,1.0,2021-07-28 19:00,12.0,2021-07-28 19:00:00
9072.0,22-Jun-21,1.0,2021-06-22 10:00,12.0,2021-06-22 10:00:00
9073.0,04-Apr-21,1.0,2021-04-04 4:00,8.0,2021-04-04 04:00:00
9073.0,11-Jun-21,1.0,2021-06-11 7:00,11.0,2021-06-11 07:00:00
9073.0,14-Jul-21,0.0,2021-07-13 19:00,3.0,2021-07-13 19:00:00
9073.0,20-Jul-21,1.0,2021-07-19 21:00,16.0,2021-07-19 21:00:00
9073.0,15-Aug-21,0.0,2021-08-15 0:00,1.0,2021-08-15 00:00:00
9073.0,29-Aug-21,1.0,2021-08-28 19:00,9.0,2021-08-28 19:00:00
9075.0,13-Jun-21,1.0,2021-06-13 11:00,17.0,2021-06-13 11:00:00
9078.0,25-Jun-21,1.0,2021-06-25 11:00,18.0,2021-06-25 11:00:00
9078.0,15-Jul-21,1.0,2021-07-14 20:00,12.0,2021-07-14 20:00:00
9079.0,25-Jun-21,1.0,2021-06-25 1:00,12.0,2021-06-25 01:00:00
9079.0,19-Jul-21,1.0,2021-07-19 6:00,16.0,2021-07-19 06:00:00
9079.0,26-Aug-21,1.0,2021-08-26 12:00,10.0,2021-08-26 12:00:00
9079.0,20-Sept-21,1.0,2021-09-19 22:00,16.0,2021-09-19 22:00:00
9083.0,12-Oct-21,1.0,2021-10-12 11:00,12.0,2021-10-12 11:00:00
9084.0,02-Jun-21,1.0,2021-06-02 13:00,4.0,2021-06-02 13:00:00
9084.0,19-Jun-21,1.0,2021-06-19 9:00,,2021-06-19 09:00:00
9084.0,08-Jul-21,1.0,2021-07-08 0:00,14.0,2021-07-08 00:00:00
9086.0,31-Aug-21,1.0,2021-08-30 19:00,11.0,2021-08-30 19:00:00
9086.0,22-Sept-21,1.0,2021-09-22 3:00,11.0,2021-09-22 03:00:00
9086.0,22-Oct-21,1.0,2021-10-21 19:00,14.0,2021-10-21 19:00:00
9086.0,11-Nov-21,1.0,2021-11-11 7:00,,2021-11-11 07:00:00
9099.0,02-Aug-21,1.0,2021-08-01 21:00,13.0,2021-08-01 21:00:00
9099.0,06-Oct-21,1.0,2021-10-05 21:00,15.0,2021-10-05 21:00:00
9103.0,25-Jul-21,1.0,2021-07-25 21:00,10.0,2021-07-25 21:00:00
9103.0,30-Sept-21,1.0,2021-09-29 21:00,14.0,2021-09-29 21:00:00
9104.0,15-Jul-21,1.0,2021-07-15 11:00,21.0,2021-07-15 11:00:00
9105.0,29-Aug-21,1.0,2021-08-29 12:00,5.0,2021-08-29 12:00:00
9107.0,08-Oct-21,1.0,2021-10-08 9:00,,2021-10-08 09:00:00
9108.0,07-Jun-21,1.0,2021-06-06 14:00,19.0,2021-06-06 14:00:00
9108.0,16-Jun-21,1.0,2021-06-15 10:00,4.0,2021-06-15 10:00:00
9108.0,05-Jul-21,1.0,2021-07-04 16:00,13.0,2021-07-04 16:00:00
9108.0,14-Sept-21,1.0,2021-09-13 21:00,10.0,2021-09-13 21:00:00
9112.0,28-Jun-21,1.0,2021-06-28 0:00,11.0,2021-06-28 00:00:00
9112.0,16-Jul-21,1.0,2021-07-16 10:00,11.0,2021-07-16 10:00:00
9112.0,06-Aug-21,1.0,2021-08-06 9:00,10.0,2021-08-06 09:00:00
9112.0,21-Sept-21,1.0,2021-09-20 17:00,14.0,2021-09-20 17:00:00
9112.0,14-Oct-21,1.0,2021-10-14 0:00,3.0,2021-10-14 00:00:00
9115.0,02-Jun-21,1.0,2021-06-02 10:00,1.0,2021-06-02 10:00:00
9115.0,28-Jul-21,1.0,2021-07-28 5:00,7.0,2021-07-28 05:00:00
9115.0,16-Aug-21,1.0,2021-08-16 12:00,9.0,2021-08-16 12:00:00
9121.0,11-Sept-21,1.0,2021-09-10 17:00,8.0,2021-09-10 17:00:00
9121.0,14-Sept-21,1.0,2021-09-13 22:00,9.0,2021-09-13 22:00:00
9121.0,03-Oct-21,1.0,2021-10-03 0:00,5.0,2021-10-03 00:00:00
9126.0,01-Oct-21,1.0,2021-10-01 0:00,13.0,2021-10-01 00:00:00
9129.0,31-Aug-21,1.0,2021-08-31 8:00,14.0,2021-08-31 08:00:00
9129.0,20-Sept-21,1.0,2021-09-20 6:00,27.0,2021-09-20 06:00:00
9129.0,15-Nov-21,1.0,2021-11-15 2:00,,2021-11-15 02:00:00
9130.0,26-Oct-21,1.0,2021-10-26 0:00,13.0,2021-10-26 00:00:00
9130.0,08-Nov-21,1.0,2021-11-07 16:00,,2021-11-07 16:00:00
9133.0,20-Sept-21,1.0,2021-09-20 3:00,5.0,2021-09-20 03:00:00
9133.0,29-Oct-21,1.0,2021-10-28 16:00,10.0,2021-10-28 16:00:00
9134.0,05-Sept-21,1.0,2021-09-05 1:00,8.0,2021-09-05 01:00:00
9134.0,14-Nov-21,1.0,2021-11-13 9:00,,2021-11-13 09:00:00
9135.0,16-Oct-21,1.0,2021-10-15 14:00,13.0,2021-10-15 14:00:00
9135.0,29-Oct-21,0.0,2021-10-28 19:00,6.0,2021-10-28 19:00:00
9135.0,16-Nov-21,1.0,2021-11-16 11:00,,2021-11-16 11:00:00
9138.0,20-Sept-21,1.0,2021-09-19 15:00,5.0,2021-09-19 15:00:00
9138.0,09-Nov-21,1.0,2021-11-08 16:00,,2021-11-08 16:00:00
9142.0,19-Sept-21,1.0,2021-09-18 15:00,7.0,2021-09-18 15:00:00
9144.0,17-Aug-21,1.0,2021-08-17 10:00,10.0,2021-08-17 10:00:00
9144.0,14-Nov-21,0.0,2021-11-14 11:00,,2021-11-14 11:00:00
9145.0,08-Aug-21,1.0,2021-08-08 7:00,25.0,2021-08-08 07:00:00
9145.0,22-Aug-21,1.0,2021-08-21 17:00,13.0,2021-08-21 17:00:00
9145.0,23-Oct-21,1.0,2021-10-22 19:00,18.0,2021-10-22 19:00:00
9145.0,05-Nov-21,0.0,2021-11-04 22:00,,2021-11-04 22:00:00
9148.0,30-Aug-21,1.0,2021-08-29 21:00,15.0,2021-08-29 21:00:00
9148.0,09-Sept-21,0.0,2021-09-09 6:00,1.0,2021-09-09 06:00:00
9148.0,08-Oct-21,1.0,2021-10-07 10:00,,2021-10-07 10:00:00
9149.0,26-Oct-21,0.0,2021-10-26 2:00,14.0,2021-10-26 02:00:00
9149.0,25-Oct-21,1.0,2021-10-26 2:00,,2021-10-26 02:00:00
9149.0,18-Nov-21,1.0,2021-11-18 4:00,,2021-11-18 04:00:00
9151.0,15-Sept-21,1.0,2021-09-15 2:00,11.0,2021-09-15 02:00:00
9151.0,29-Sept-21,1.0,2021-09-28 14:00,18.0,2021-09-28 14:00:00
9154.0,08-Oct-21,1.0,2021-10-08 5:00,,2021-10-08 05:00:00
9154.0,10-Nov-21,1.0,2021-11-09 15:00,,2021-11-09 15:00:00
9155.0,21-Oct-21,1.0,2021-10-21 6:00,5.0,2021-10-21 06:00:00
9155.0,31-Oct-21,1.0,2021-10-30 15:00,,2021-10-30 15:00:00
9156.0,01-Oct-21,1.0,2021-09-30 20:00,14.0,2021-09-30 20:00:00
9157.0,12-Sept-21,1.0,2021-09-12 4:00,13.0,2021-09-12 04:00:00
9157.0,13-Oct-21,1.0,2021-10-13 2:00,11.0,2021-10-13 02:00:00
9158.0,28-Oct-21,1.0,2021-10-28 7:00,13.0,2021-10-28 07:00:00
9158.0,17-Nov-21,0.0,2021-11-16 17:00,,2021-11-16 17:00:00
9159.0,08-Nov-21,1.0,2021-11-07 21:00,,2021-11-07 21:00:00
